id,Vehicle Colors,Registration Types,PDB (Parts),Car Models
1,الألوان الشائعة: أبيض,خصوصي,TCO,أبارث (Abarth): 595
2,الألوان الشائعة: أبيض لؤلؤي,عمومي,أجنحة جانبية,أبارث (Abarth): 695
3,الألوان الشائعة: أسود,سياحي,أحزمة أمان,أكورا (Acura): 595
4,الألوان الشائعة: رمادي,حكومي,أكس أمامي,أكورا (Acura): 695
5,الألوان الشائعة: فضي (سلفر),دبلوماسي,TCO,BAIC (بايك): BJ40 / BJ80
6,الألوان الشائعة: فضي ميتاليك,إنشائي,أجنحة جانبية,BYD (بي واي دي): Han (هان)
7,الألوان الشائعة: رمادي ميتاليك,زراعي,أحزمة أمان,Changan (شانجان): CS35 / CS75 / CS95
8,الأحمر والبرتقالي: أحمر,إدخال مؤقت,أكس أمامي,Chery (شيري): Tiggo 7 / 8 Pro
9,الأحمر والبرتقالي: أحمر فيراري,,أكس عجل خلفي,Exeed (إكسيد): VX / TXL
10,الأحمر والبرتقالي: أحمر فيراري ميتاليك,,إشارة,GAC (جي أيه سي): GS8
11,الأحمر والبرتقالي: أحمر داكن,,إشارة Turbo,GWM (جريت وول): Haval H6 / Jolion
12,الأحمر والبرتقالي: برتقالي,,إشارة مرسيدس,Geely (جيلي): Monjaro (مونجارو)
13,الأحمر والبرتقالي: برتقالي ميتاليك,,إكزوزت كامل,Hongqi (هونشي): H9
14,الأزرق والأخضر: أزرق,,إير فلاب أمامي كامل,JAC (جاك): J7
15,الأزرق والأخضر: أزرق ميتاليك,,إيرباج,Jetour (جيتور): X70 / X90
16,الأزرق والأخضر: أزرق داكن,,إيرفلاب كامل,MG (إم جي): MG 5 / MG 6
17,الأزرق والأخضر: أزرق فاتح,,احزمه امان,Xiaomi (شاومي): SU7
18,الأزرق والأخضر: أزرق سماوي,,اسفنج ظهر كرسي الراكب امامي يمين,أستون مارتن (Aston Martin): DBX
19,الأزرق والأخضر: أخضر,,اسفنج ظهر كرسي السائق امامي يسار,أستون مارتن (Aston Martin): DB12
20,الأزرق والأخضر: أخضر ميتاليك,,اسلاك بواجي,أستون مارتن (Aston Martin): فانت vantage
21,الأزرق والأخضر: أخضر زيتي,,اسوارة تشغيل على السوتش (قارئ عدسة ),ألفا روميو (Alfa Romeo): جوليا
22,البني والبيج: بني,,اشارة,ألفا روميو (Alfa Romeo): ستيلفيو
23,البني والبيج: بني ميتاليك,,اشارة هونداي,ألفا روميو (Alfa Romeo): تونالي
24,البني والبيج: بيج,,اظفر طابة (قاعدة) امامية يسار,أودي (Audi): A8
25,البني والبيج: كريمي,,اظفر طابة (قاعدة) امامية يمين,أودي (Audi): Q7
26,البني والبيج: شمباني,,اظفر طابة (قاعدة) خلفية يسار,أودي (Audi): A6
27,البني والبيج: ذهبي,,اظفر طابة (قاعدة) خلفية يمين,أودي (Audi): A4
28,البني والبيج: ذهبي ميتاليك,,الأشارات,أودي (Audi): A3
29,أخرى: بنفسجي,,الاشارات,أودي (Audi): Q5
30,أخرى: وردي,,الباب الامامي اليسار,أودي (Audi): Q3
31,أخرى: أصفر,,الزرفيل,أودي (Audi): R8
32,أخرى: برونزي,,الشعار الامامي,أودي (Audi): e-tron
33,,,الشل,إم جي (MG): MG ZS
34,,,الشمعة الامامية اليسار,إم جي (MG): MG RX8
35,,,الغطاء الخلفي,إم جي (MG): MG RX5
36,,,الماكينه,إم جي (MG): MG GT
37,,,المسطرة المضيئة,إم جي (MG): MG 5
38,,,اليسار,إم جي (MG): MG HS
39,,,امبلي فير,إم جي (MG): MG ONE
40,,,انتين امامي يسار,إم جي (MG): MG WHALE
41,,,انتين امامي يمين,إم جي (MG): MG 7
42,,,انتين خلفي يسار,إنفينيتي (Infiniti): QX80
43,,,انتين خلفي يمين,إنفينيتي (Infiniti): QX60
44,,,انتين داخلي على الواجهة,إنفينيتي (Infiniti): QX50
45,,,انتين سقف خلفي,إنفينيتي (Infiniti): Q50
46,,,انتين مسجل,إيسوزو (Isuzu): D-Max
47,,,انتين مفتاح السياره,إيسوزو (Isuzu): MU-X
48,,,انفيرتر,إينيوس (Ineos): غريناديير
49,,,اير فلاب امامي كامل,بايك (BAIC): BJ40
50,,,ايرباج باب امامي يسار,بايك (BAIC): BJ80
51,,,ايرباج باب امامي يمين,بايك (BAIC): X7
52,,,ايرباج باب خلفي يسار,بايك (BAIC): D50
53,,,ايرباج باب خلفي يمين,بنتلي (Bentley): بينتايجا
54,,,ايرباج تابلو,بنتلي (Bentley): كونتيننتال GT
55,,,ايرباج تابلو (جهة الراكب),بنتلي (Bentley): فلاينج سبير
56,,,ايرباج تنده يمين,بورشه (Porsche): 911
57,,,ايرباج ركبة يسار,بورشه (Porsche): كايين
58,,,ايرباج ركبة يمين,بورشه (Porsche): باناميرا
59,,,ايرباج سقف (تندة) يسار,بورشه (Porsche): ماكان
60,,,ايرباج سقف (تندة) يمين,بورشه (Porsche): تايكان
61,,,ايرباج شمعة يسار,بي إم دبليو (BMW): الفئة السابعة
62,,,ايرباج شمعة يمين,بي إم دبليو (BMW): الفئة الخامسة
63,,,ايرباج طارة,بي إم دبليو (BMW): الفئة الثالثة
64,,,ايرباج كرسي امامي يسار,بي إم دبليو (BMW): X7
65,,,ايرباج كرسي امامي يمين,بي إم دبليو (BMW): X5
66,,,ايرباج كرسي خلفي يسار,بي إم دبليو (BMW): X6
67,,,ايرباج كرسي خلفي يمين,بي إم دبليو (BMW): الفئة الأولى
68,,,ايرباج كرسي مساعد امامي يسار,بي إم دبليو (BMW): M5
69,,,ايرباج كرسي مساعد امامي يمين,بي إم دبليو (BMW): iX
70,,,ايرباج مسند راس كرسي الراكب خلفي يسار,بي إم دبليو (BMW): X3
71,,,ايرباج مسند راس كرسي الراكب خلفي يمين,بي إم دبليو (BMW): X4
72,,,ايرباج مسند راس كرسي السائق,بي إم دبليو (BMW): Z4
73,,,ايرباج مسند راس كرسي راكب امامي يمين,بي واي دي (BYD): هان
74,,,باب,بي واي دي (BYD): أتو 3
75,,,باب أمامي يسار,بي واي دي (BYD): سونغ
76,,,باب أمامي يسار فارغ,بيجو (Peugeot): 3008
77,,,باب أمامي يمين,بيجو (Peugeot): 5008
78,,,باب أمامي يمين كامل,بيجو (Peugeot): 2008
79,,,باب امامي يسار,بيجو (Peugeot): 508
80,,,باب امامي يسار فارغ,تسلا (Tesla): Model 3
81,,,باب امامي يسار كامل,تسلا (Tesla): Model X
82,,,باب امامي يمين,تسلا (Tesla): Model S
83,,,باب امامي يمين فارغ,تسلا (Tesla): Model Y
84,,,باب خلفي,تويوتا (Toyota): لاندكروزر
85,,,باب خلفي يسار,تويوتا (Toyota): هايلكس
86,,,باب خلفي يسار فارغ,تويوتا (Toyota): كامري
87,,,باب خلفي يمين,تويوتا (Toyota): كورولا
88,,,باب خلفي يمين سفلي,تويوتا (Toyota): راف فور
89,,,باب خلفي يمين فارغ,تويوتا (Toyota): برادو
90,,,باب خلفي يمين كامل,تويوتا (Toyota): فورنتشر
91,,,باب خلفي يميين فارغ,تويوتا (Toyota): يارس
92,,,باب سحاب خلفي يسار كامل,تويوتا (Toyota): أفالون
93,,,باب سحاب خلفي يمين كامل,تويوتا (Toyota): سوبرا
94,,,باب صندوق خلفي,تويوتا (Toyota): هايس
95,,,بايرو فيوز,تويوتا (Toyota): أوريس
96,,,بربيش A,تويوتا (Toyota): سيينا
97,,,بربيش B,تويوتا (Toyota): فينزا
98,,,بربيش C,تويوتا (Toyota): C-HR
99,,,بربيش هواء,تويوتا (Toyota): هايلاندر
100,,,برداية سقف بانوراما,تويوتا (Toyota): تندرا
101,,,برداية سقف عادية,تويوتا (Toyota): 4Runner
102,,,برغي غرفة يسار,جاك (JAC): J7
103,,,برغي غرفة يمين,جاك (JAC): S3
104,,,برغي قاعدة غرفة امامي يسار,جاك (JAC): T8 (بيك آب)
105,,,برغي قاعدة غرفة امامي يمين,جريت وول (GWM): باور (Poer)
106,,,برغي قاعدة غرفة خلفي يسار,جريت وول (GWM): تانك 300
107,,,برغي قاعدة غرفة خلفي يمين,جريت وول (GWM): تانك 500
108,,,برواز,جريت وول (GWM): وينجل 7
109,,,برواز تابلو وسط,جريت وول (GWM): كينج كونج باو
110,,,برواز شاشة عدادات رئيسية,جي إم سي (GMC): يوكن
111,,,برواز شاشة عرض و تحكم,جي إم سي (GMC): سييرا
112,,,برواز شاشة مسجل,جي إم سي (GMC): تيرين
113,,,برواز عصا جير,جي إم سي (GMC): أكاديا
114,,,برواز غماز,جيب (Jeep): رانجلر
115,,,برواز كشاف,جيب (Jeep): جراند شيروكي
116,,,برواز كشاف أمامي يسار,جيب (Jeep): شيروكي
117,,,برواز كشاف طمبون أمامي نكل,جيتور (Jetour): X70
118,,,برواز مسجل,جيتور (Jetour): X90 بلس
119,,,برواز هواية تابلو وسط,جيتور (Jetour): داشينج
120,,,برواز هواية تابلو يسار,جيتور (Jetour): T2 (ترافيلر)
121,,,برواز هواية تابلو يمين,جيلي (Geely): مونجارو
122,,,برواز واجهة مكيف على التابلو وسط,جيلي (Geely): توجيلا
123,,,برواز يد باب داخلية امامية يسار,جيلي (Geely): كولراي
124,,,برواز يد باب داخلية امامية يمين,جيلي (Geely): إمجراند
125,,,برواز يد باب داخلية خلفية يسار,جينيسيس (Genesis): G70
126,,,برواز يد باب داخلية خلفية يمين,جينيسيس (Genesis): G80
127,,,برواز يد تندة (مسكة) امامية يسار,جينيسيس (Genesis): G90
128,,,برواز يد تندة (مسكة) امامية يمين,جينيسيس (Genesis): GV70
129,,,برواز يد تندة (مسكة) خلفية يسار,جينيسيس (Genesis): GV80
130,,,برواز يد تندة (مسكة) خلفية يمين,رام (RAM): 1500
131,,,بريم نكلة,رام (RAM): 2500
132,,,بطارية تشغيل,رام (RAM): TRX
133,,,بطارية سيارة الكهرباء الرئيسية,رولز رويس (Rolls-Royce): فانتوم
134,,,بطارية هايبرد,رولز رويس (Rolls-Royce): كولينان
135,,,بطانة,رولز رويس (Rolls-Royce): غوست
136,,,بطانة أسفل الطمبون الأمامي,ريماك (Rimac): نيفيرا
137,,,بطانة أسفل الطمبون الخلفي,رينو (Renault): داستر
138,,,بطانة اسفل الطمبون الخلفي,رينو (Renault): كوليوس
139,,,بطانة جناح خلفي يسار,رينو (Renault): ميجان
140,,,بطانة جناح خلفي يمين,رينو (Renault): كابتشر
141,,,بطانة جنب داخلية يسار,رينو (Renault): سيمبول
142,,,بطانة جنب داخلية يمين,زينجر (Czinger): 21C
143,,,بطانة داخلية,زينفو (Zenvo): أورورا
144,,,بطانة سقف,سكودا (Skoda): كودياك
145,,,بطانة سقف وسط (وسط),سكودا (Skoda): سوبرب
146,,,بطانة سقف وسط امامية,سكودا (Skoda): أوكتافيا
147,,,بطانة سقف وسط خلفية,سكودا (Skoda): كاروك
148,,,بطانة سقف يسار امامية,سوبارو (Subaru): فورستر
149,,,بطانة سقف يسار خلفية,سوبارو (Subaru): أوتباك
150,,,بطانة سقف يسار وسط,سوبارو (Subaru): WRX
151,,,بطانة سقف يمين امامية,سوبارو (Subaru): إمبريزا
152,,,بطانة سقف يمين خلفية,سوبارو (Subaru): كروستريك
153,,,بطانة سقف يمين وسط,سوبارو (Subaru): XV
154,,,بطانة طربوش خلفي داخلية,سوبارو (Subaru): BRZ
155,,,بطانة طمبون خلفي,سوزوكي (Suzuki): جيمي
156,,,بطانة ظهر غرفة داخلية,سوزوكي (Suzuki): سويفت
157,,,بطانة غرفة داخلية امامية يسار,سوزوكي (Suzuki): ديزاير
158,,,بطانة غرفة داخلية امامية يمين,سوزوكي (Suzuki): إرتيجا
159,,,بطانة غرفة داخلية خلفية يسار,سوزوكي (Suzuki): فيتارا
160,,,بطانة غرفة داخلية خلفية يمين,سوزوكي (Suzuki): جراند فيتارا
161,,,بطانة غرفة داخلية وسط يسار,سوزوكي (Suzuki): بالينو
162,,,بطانة غرفة داخلية وسط يمين,سوزوكي (Suzuki): سياز
163,,,بطانة فرن علوية,سوزوكي (Suzuki): إس-بريسو
164,,,بطانه,شانجان (Changan): CS95
165,,,بطانه جناح امامي يمين,شانجان (Changan): CS75 Plus
166,,,بطانه جناح خلفي يسار,شانجان (Changan): Uni-K
167,,,بطن,شانجان (Changan): إيدو بلس
168,,,بككس امامي,شيري (Chery): تيجو 8 برو
169,,,بككس خلفي (قشرة),شيري (Chery): تيجو 7 برو
170,,,بككس خلفي (كامل),شيري (Chery): تيجو 4 برو
171,,,بكلة حزام امان امامي يسار,شيري (Chery): أريزو 6 برو
172,,,بكلة حزام امان امامي يمين,شيري (Chery): أريزو 5
173,,,بكلة حزام امان خلفي وسط,شيفروليه (Chevrolet): تاهو
174,,,بكلة حزام امان خلفي يسار,شيفروليه (Chevrolet): سيلفرادو
175,,,بكلة حزام امان خلفي يمين,شيفروليه (Chevrolet): سوبوربان
176,,,بلاستيك واجهه امامية,شيفروليه (Chevrolet): كابتيفا
177,,,بلاستيكة تابلو وسط,شيفروليه (Chevrolet): ماليبو
178,,,بلاستيكة تابلو يسار,شيفروليه (Chevrolet): كورفيت
179,,,بلاستيكة تابلو يمين,شيفروليه (Chevrolet): كروز
180,,,بلاستيكة واجهة خلفية,شيفروليه (Chevrolet): ترافيرس
181,,,بلاستيكة واجهه خفلية,شيفروليه (Chevrolet): بلازر
182,,,بلاستيكه واجهة اماميه,شيفروليه (Chevrolet): إيكوينوكس
183,,,بلاستيكه واجهة خلفي,فورد (Ford): F-150
184,,,بلف دعسة امامي (مجمع دعسات),فورد (Ford): إكسبلورر
185,,,بلف دعسة امامي كامل (مع الدعسات),فورد (Ford): موستانج
186,,,بلف سنتر طابة امامية يسار,فورد (Ford): إكسبيدشن
187,,,بلف سنتر طابة امامية يمين,فورد (Ford): تيريتوري
188,,,بلف سنتر طابة خلفية يسار,فورد (Ford): رينجر
189,,,بلف سنتر طابة خلفية يمين,فورد (Ford): إيدج
190,,,بلف سنتر غرفة (Actuator),فورد (Ford): كوجا
191,,,بوجية,فورد (Ford): إيكو سبورت
192,,,بوري هزاء داخل الجحش الوسط,فورد (Ford): فيوجن
193,,,بوكس غرفة امامي يسار مع كوشوكة,فورد (Ford): فوكس
194,,,بوكس غرفة امامي يمين مع كوشوكة,فولفو (Volvo): XC90
195,,,بوكس غرفة خلفي يسار مع كوشوكة,فولفو (Volvo): XC60
196,,,بوكس غرفة خلفي يمين مع كوشوكة,فولفو (Volvo): S90
197,,,بوكس غرفة يسار وسط مع كوشوكة,فولكس فاجن (VW): طوارق
198,,,بوكس غرفة يمين وسط مع كوشوكة,فولكس فاجن (VW): تيرامونت
199,,,بيل عجل,فولكس فاجن (VW): جولف
200,,,تابلو,فولكس فاجن (VW): باسات
201,,,تابلو (كامل),فولكس فاجن (VW): بولو
202,,,تابلو أمامي,فولكس فاجن (VW): تيروك
203,,,تابلو امامي,فيراري (Ferrari): SF90
204,,,تابلو خلفي,فيراري (Ferrari): 296 GTB
205,,,تابلو ساعات,فيراري (Ferrari): بوروسانغوي
206,,,تابلو سفلي,فيسكر (Fisker): أوشين
207,,,تابلو علوي,كاديلاك (Cadillac): إسكاليد
208,,,تخت سفلي,كاديلاك (Cadillac): XT4
209,,,تخت علوي,كاديلاك (Cadillac): XT6
210,,,ترييحة رجل سفلية يسار بجانب الدعسات,كاديلاك (Cadillac): CT5
211,,,تنك امونيا (صغير),كيا (Kia): سبورتج
212,,,تنك امونيا (كبير),كيا (Kia): تلورايد
213,,,تنك امونيا (وسط),كيا (Kia): سيراتو
214,,,تنك بنزين,كيا (Kia): K5
215,,,ثلاجة تبريد,كيا (Kia): سورينتو
216,,,ثلاجة مكيف,كيا (Kia): بيكانتو
217,,,جحش غرفة (كامل),كيا (Kia): ريو
218,,,جحش غرفة (نظام صنوبرصات),كيا (Kia): كارنيبال
219,,,جحش غرفة (نظام طابات هواء مع بلف سنتر),كيا (Kia): موهافي
220,,,جحش كفات,كيا (Kia): EV6
221,,,جحش وسط بين الكرسيين,كيا (Kia): EV9
222,,,جدلة,لامبورغيني (Lamborghini): أوروس
223,,,جدلة USB داخلية,لامبورغيني (Lamborghini): هوراكان
224,,,جدلة الكاميرات,لاند روفر (Land Rover): رينج روفر
225,,,جدلة امونيا (برابيش),لاند روفر (Land Rover): ديفندر
226,,,جدلة امونيا (كهرباء),لاند روفر (Land Rover): ديسكفري
227,,,جدلة امونيا كاملة (كهرباء + برابيش),لاند روفر (Land Rover): رينج روفر سبورت
228,,,جدلة حساس ABS امامي يسار,لاند روفر (Land Rover): رينج روفر فيلار
229,,,جدلة حساس ABS امامي يمين,لاند روفر (Land Rover): رينج روفر إيفوك
230,,,جدلة حساس ABS خلفي يسار,لاند روفر (Land Rover): ديفندر 110
231,,,جدلة حساس ABS خلفي يمين,لكزس (Lexus): LX600
232,,,جدلة ضوء خلفي يسار,لكزس (Lexus): ES
233,,,جدلة ضوء خلفي يمين,لكزس (Lexus): LS
234,,,جدلة كمبيوتر هوك خلفي,لكزس (Lexus): RX
235,,,جدلة كهرباء داخلية (داخل الغرفه),لكزس (Lexus): GX
236,,,جدلة محرك سفلية,لكزس (Lexus): IS
237,,,جدلة محرك علوية,لكزس (Lexus): UX
238,,,جدلة محرك كهرباء,لكزس (Lexus): NX
239,,,جدله,لكزس (Lexus): LC
240,,,جدله %50,لكزس (Lexus): RC
241,,,جرار نص (تحت التخت),لكزس (Lexus): CT
242,,,جريب يمين,لوسيد (Lucid): Air
243,,,جسر,لوسيد (Lucid): Gravity
244,,,جسر ارضية امامي,لينك أند كو (Lynk & Co): N/A
245,,,جسر ارضية خلفي,لينكولن (Lincoln): ناويجيتور
246,,,جسر ارضية وسط,لينكولن (Lincoln): أفياتور
247,,,جسر الطمبون الامامي,لينكولن (Lincoln): نوتيلوس
248,,,جسر بلاستيك,لينكولن (Lincoln): كورسير
249,,,جسر تابلو أمامي,مازدا (Mazda): مازدا 6
250,,,جسر تابلو امامي,مازدا (Mazda): مازدا 3
251,,,جسر تابلو امامي داخلي,مازدا (Mazda): CX-5
252,,,جسر جنب يسار امامي,مازدا (Mazda): CX-90
253,,,جسر جنب يسار خلفي,مازيراتي (Maserati): جيبلي
254,,,جسر جنب يسار وسط,مازيراتي (Maserati): ليفانتي
255,,,جسر جنب يمين امامي,مازيراتي (Maserati): كواتروبورتي
256,,,جسر جنب يمين خلفي,مازيراتي (Maserati): جريكالي
257,,,جسر جنب يمين وسط,ماكلارين (McLaren): 750S
258,,,جسر ستيرنج,ماكلارين (McLaren): أرتورا
259,,,جسر طابات امامي على الواجهة,ماكلارين (McLaren): GT
260,,,جسر طمبون أمامي,مرسيدس (Mercedes): S-Class
261,,,جسر طمبون أمامي بلاستيك,مرسيدس (Mercedes): G-Class
262,,,جسر طمبون خلفي,مرسيدس (Mercedes): E-Class
263,,,جعمكة,مرسيدس (Mercedes): C-Class
264,,,جعمكة امامية,مرسيدس (Mercedes): GLE
265,,,جك غرفة,مرسيدس (Mercedes): GLS
266,,,جلدة برغي غرفة,مرسيدس (Mercedes): A-Class
267,,,جلدة شاحن تلفون وايرلس,مرسيدس (Mercedes): B-Class
268,,,جناح أمامي,مرسيدس (Mercedes): CLA
269,,,جناح أمامي (يمين/يسار),مرسيدس (Mercedes): CLS
270,,,جناح أمامي يسار,مرسيدس (Mercedes): EQS
271,,,جناح أمامي يمين,مرسيدس (Mercedes): AMG GT
272,,,جناح أمامية يسار,ميتسوبيشي (Mitsubishi): باجيرو
273,,,جناح امامي يسار,ميتسوبيشي (Mitsubishi): L200
274,,,جناح امامي يمين,ميتسوبيشي (Mitsubishi): أوتلاندر
275,,,جناح اماميه يمين,ميتسوبيشي (Mitsubishi): إكسباندر
276,,,جناح عجل امامي يسار (مركبات شحن) قطعة امامية,نيسان (Nissan): باترول
277,,,جناح عجل امامي يسار (مركبات شحن) قطعة خلفية,نيسان (Nissan): ألتيما
278,,,جناح عجل امامي يسار (مركبات شحن) قطعة علوية وسط,نيسان (Nissan): صني
279,,,جناح عجل امامي يسار كامل (مركبات شحن),نيسان (Nissan): إكس تريل
280,,,جناح عجل امامي يمين (مركبات شحن) قطعة امامية,نيسان (Nissan): باثفايندر
281,,,جناح عجل امامي يمين (مركبات شحن) قطعة خلفية,نيسان (Nissan): نافارا
282,,,جناح عجل امامي يمين (مركبات شحن) قطعة علوية وسط,نيسان (Nissan): ماكسيما
283,,,جناح عجل خلفي يسار (مركبات شحن) قطعة امامية,نيسان (Nissan): زد
284,,,جناح عجل خلفي يسار (مركبات شحن) قطعة خلفية,نيسان (Nissan): ساني
285,,,جناح عجل خلفي يسار (مركبات شحن) قطعة وسط,نيسان (Nissan): جوك
286,,,جناح عجل خلفي يسار (مركبات شحن) كامل,نيسان (Nissan): مورانو
287,,,جناح عجل خلفي يمين (مركبات شحن) قطعة امامية,نيسان (Nissan): أرمادا
288,,,جناح عجل خلفي يمين (مركبات شحن) قطعة خلفية,نيسان (Nissan): تيانا
289,,,جناح عجل خلفي يمين (مركبات شحن) قطعة وسط,نيسان (Nissan): غتر
290,,,جناح عجل خلفي يمين (مركبات شحن) كامل,هافال (Haval): H6
291,,,جنب خلفي يسار (قصه),هافال (Haval): H9
292,,,جنب خلفي يمين (قصة),هافال (Haval): جولاين
293,,,جنب شمال,هافال (Haval): دارجو
294,,,جنزير,هوندا (Honda): سيتي
295,,,جنط أمامي,هوندا (Honda): سيفيك
296,,,جنط أمامي حديد,هوندا (Honda): أكورد
297,,,جنط أمامي يسار,هوندا (Honda): سي آر في
298,,,جنط خلفي,هوندا (Honda): بايلوت
299,,,جنط خلفي يسار,هوندا (Honda): HR-V
300,,,جنط خلفي يمين,هوندا (Honda): أوديسي
301,,,جنط خلفي يمين ( كوشوكه (%50),هونشي (Hongqi): H5
302,,,جنطات امامية عدد 2,هونشي (Hongqi): H9
303,,,جيبة تابلو سفلية,هونشي (Hongqi): HS5
304,,,جيبة تابلو علوية,هونشي (Hongqi): E-HS9
305,,,جيبة تابلو وسط,هينيسي (Hennessey): فينوم F5
306,,,جيبة تابلو يمين,هيونداي (Hyundai): أكسنت
307,,,جيبة جحش وسط,هيونداي (Hyundai): إلنترا
308,,,جيبة سقف علوية بلاستيك,هيونداي (Hyundai): سوناتا
309,,,جير كامل,هيونداي (Hyundai): أزيرا
310,,,حافظة نظارة اعلى السقف داخل الغرفة,هيونداي (Hyundai): توسان
311,,,حاملة كؤوس خلفية سفلية (بين الكرسيين),هيونداي (Hyundai): سانتا في
312,,,حزام امان امامي يسار,هيونداي (Hyundai): باليسيد
313,,,حزام امان امامي يمين,هيونداي (Hyundai): كونا
314,,,حزام امان خلفي وسط,هيونداي (Hyundai): كريتا
315,,,حزام امان خلفي يسار,هيونداي (Hyundai): ستاريا
316,,,حزام امان خلفي يمين,هيونداي (Hyundai): IONIQ 5
317,,,حساس,هيونداي (Hyundai): IONIQ 6
318,,,حساس ABS امامي يسار,
319,,,حساس ABS امامي يمين,
320,,,حساس ABS خلفي يسار,
321,,,حساس ABS خلفي يمين,
322,,,حساس ايرباج امامي,
323,,,حساس ايرباج امامي وسط,
324,,,حساس ايرباج امامي يسار,
325,,,حساس ايرباج امامي يمين,
326,,,حساس ايرباج جانبي,
327,,,حساس ايرباج جانبي يسار,
328,,,حساس ايرباج جانبي يمين,
329,,,حساس ايرباج خلفي,
330,,,حساس ايرباج خلفي يسار,
331,,,حساس ايرباج خلفي يمين,
332,,,حساس باب امامي يسار,
333,,,حساس باب امامي يمين,
334,,,حساس باب خلفي يسار,
335,,,حساس باب خلفي يمين,
336,,,حساس ترحيب,
337,,,حساس حركة ضوء داينامك يسار,
338,,,حساس حركة ضوء داينامك يمين,
339,,,حساس دخول ذكي,
340,,,حساس طمبون,
341,,,حساس طمبون (خلفي/وسط),
342,,,حساس طمبون أمامي عدد 2,
343,,,حساس طمبون أمامي يمين,
344,,,حساس طمبون خلفي شمال,
345,,,حساس فينوس (حساس كام شافت),
346,,,حساس ملف طارة,
347,,,حساس ميلان امامي يسار,
348,,,حساس ميلان امامي يمين,
349,,,حساس ميلان خلفي يسار,
350,,,حساس ميلان خلفي يمين,
351,,,حساسات طمبون أمامي,
352,,,حساسات طمبون خلفي,
353,,,حسب كشف الوكالة,
354,,,حشوة فلتر مكيف,
355,,,حلق باب امامي يسار (قصة),
356,,,حلق باب امامي يمين (قصة),
357,,,حلق جنب يسار,
358,,,حلق جنب يمين,
359,,,حمالات,
360,,,حمالة,
361,,,حمالة نظارات,
362,,,حمالة يسار,
363,,,حمالة يمين,
364,,,حمالة يمين %50,
365,,,حماله يسار,
366,,,حماله يمين,
367,,,حوض بطاريات خلفي,
368,,,خط أمامي,
369,,,خط جنب يسار,
370,,,خلفي يمين فارغ,
371,,,خلية بطارية,
372,,,درج امامي يسار,
373,,,درج امامي يسار كامل,
374,,,درج امامي يمين كامل,
375,,,دسبرتور,
376,,,دعاسة تحت ارجل الراكب الامامي,
377,,,دعاسة تحت ارجل الراكب الخلفي الايسر,
378,,,دعاسة تحت ارجل الراكب الخلفي الايمن,
379,,,دعاسة تحت ارجل الركاب للكرسي الوسط,
380,,,دعاسة تحت ارجل السائق,
381,,,دعاسة تحت ارجل كرسي الاطفال الخلفي,
382,,,دعسات بريك ديزل,
383,,,دعسة,
384,,,دعسة بريك,
385,,,دعسة بنزين,
386,,,دعسة رجل يسار سفلية,
387,,,دعسة كلتش,
388,,,دفاية امامية تحت التابلو,
389,,,دفيوزر خلفي,
390,,,دفيوزر طمبون أمامي سفلي,
391,,,دفيوزر طمبون خلفي سفلي,
392,,,دقمة سلف,
393,,,دلاية,
394,,,دلاية أسفل الباب الأمامي,
395,,,دلاية جناح امامي يسار,
396,,,دلاية جناح امامي يمين,
397,,,دلاية جناح خلفي يسار,
398,,,دلاية جناح خلفي يمين,
399,,,دلاية جناح وسط يسار,
400,,,دلاية جناح وسط يمين,
401,,,دلاية عجل,
402,,,دلايه,
403,,,دنجل أمامي,
404,,,دنجل خلفي كامل,
405,,,ديزل,
406,,,ذراع ستيرنج على السنجل طويل,
407,,,ذراع ستيرنج على السنجل قصير,
408,,,رادار أمامي,
409,,,رادار تصادم خلفي وسط,
410,,,رادار تصادم خلفي يسار,
411,,,رادار تصادم خلفي يمين,
412,,,رديتر دفاية,
413,,,رديتر ماء,
414,,,رديتر مكيف,
415,,,رسيفر بصمة,
416,,,ركاية راس كرسي امامي يسار,
417,,,ركاية راس كرسي امامي يمين,
418,,,ركاية وسط,
419,,,روديتر,
420,,,روديتر ماء,
421,,,روض اعوج,
422,,,روض دغري يسار,
423,,,روض دغري يمين,
424,,,روض سيف خلفي,
425,,,روض سيف طابات امامي,
426,,,رول اوفر بار خلفي (ايرباج ركايات خلفية للكشفة),
427,,,زاوية طمبون خلفي يسار,
428,,,زاوية طمبون خلفي يمين,
429,,,زاوية طمبون خلفية,
430,,,زجاج أمامي,
431,,,زجاج امامي,
432,,,زجاج باب,
433,,,زجاج بانوراما ثابته,
434,,,زجاج جنب خلفي يسار,
435,,,زجاج جنب خلفي يمين,
436,,,زجاج غطاء صندوق خلفي,
437,,,زرافيل,
438,,,زرفيل,
439,,,زرفيل الغطاء,
440,,,زرفيل جيبة,
441,,,زرفيل غطاء,
442,,,زرفيل غطاء أمامي,
443,,,زرفيل غطاء صندوق خلفي,
444,,,زنود,
445,,,سبويلر,
446,,,سبويلر جناح أمامي يسار داير العجل,
447,,,سبويلر جناح امامي يمين داير العجل,
448,,,سبويلر جناح خلفي,
449,,,سبويلر جناح خلفي داير العجل,
450,,,سبويلر جناح خلفي يمين داير العجل,
451,,,سبويلر داير العجل,
452,,,سبويلر سفلي,
453,,,سبويلر طمبون أمامي سفلي,
454,,,سبويلر طمبون أمامي وسط,
455,,,سبويلر طمبون امامي سفلي,
456,,,سبويلر طمبون امامي وسط,
457,,,سبويلر طمبون خلفي,
458,,,سبويلر طمبون خلفي سفلي,
459,,,سبويلر طمبون خلفي سفلي (نكلة),
460,,,سبويلر طمبون خلفي وسط,
461,,,سبويلر غطاء صندوق خلفي سفلية,
462,,,سبويلر غطاء مضيء,
463,,,سبويلر مسطرة,
464,,,سبويلر وسط,
465,,,سبويلر وسط أسود,
466,,,سبويلر يسار,
467,,,ستيرنج انجل,
468,,,ستيكر,
469,,,ستيكرز,
470,,,سدادات كوشوك خلف التابلو على الصدر,
471,,,سكبة موتور,
472,,,سكة باب سحاب يسار,
473,,,سلايدرات أمامية,
474,,,سلك تحويلة دفاية,
475,,,سلك حساس ABS عجل امامي يسار,
476,,,سلك حساس ABS عجل امامي يمين,
477,,,سلك حساس ABS عجل خلفي يسار,
478,,,سلك حساس ABS عجل خلفي يمين,
479,,,سماعة تابلو خلفي وسط,
480,,,سماعة تابلو خلفي يسار,
481,,,سماعة تابلو خلفي يمين,
482,,,سماعة تابلو وسط,
483,,,سماعة تابلو يسار,
484,,,سماعة تابلو يمين,
485,,,سماعة سقف امامية,
486,,,سماعة سقف خلفية,
487,,,سماعة سقف وسط,
488,,,سمكة امامية يسار,
489,,,سمكة تندة يسار,
490,,,سمكة تندة يمين,
491,,,سوتش تشغيل,
492,,,شاحن تلفون وايرلس,
493,,,شاحن كهرباء رئيسي,
494,,,شاشة تابلو ديجتال,
495,,,شاشة تابلو عادي,
496,,,شاشة عدادات رئيسية (ساعات),
497,,,شاشة عرض و تحكم,
498,,,شاشة مسجل,
499,,,شبر,
500,,,شبر زجاج,
501,,,شبر سقف داخلي يسار,
502,,,شبر سقف داخلي يمين,
503,,,شبر صندوق خلفي,
504,,,شبك,
505,,,شبك تابلو امامي علوي (جهة يسار),
506,,,شبك تابلو امامي علوي (جهة يمين),
507,,,شبك تابلو امامي علوي (وسط),
508,,,شبك طمبون أمامي سفلي,
509,,,شبك طمبون امامي,
510,,,شبك طمبون امامي سفلي,
511,,,شبك مساحات,
512,,,شعار,
513,,,شفتر جير على طارة ستيرنج,
514,,,شل,
515,,,شل (أمامي/إشارة),
516,,,شل أمامي,
517,,,شل أمامي إشارة,
518,,,شل أمامي شبك طمبون أمامي,
519,,,شل امامي,
520,,,شل طمبون امامي سفلي,
521,,,شمسية سقف,
522,,,شمسية سقف يسار,
523,,,شمسية سقف يمين,
524,,,شمسية غرفة,
525,,,شمعه وسط يسار,
526,,,شوكة أمامية,
527,,,شوكة امامية,
528,,,شوكة خلفية,
529,,,صاجة عوجاء,
530,,,صحن طابة امامية يسار,
531,,,صحن طابة امامية يمين,
532,,,صحن طابة خلفية يسار,
533,,,صحن طابة خلفية يمين,
534,,,صندوق خلفي,
535,,,صنوبرص,
536,,,صنوبرص أمامي,
537,,,صنوبرص حزام امان امامي يمين,
538,,,صنوبرص خلفي يسار,
539,,,صنوبرص خلفي يمين,
540,,,صنوبرص ريش امامي يسار,
541,,,صنوبرص ريش امامي يمين,
542,,,صنوبرص ريش خلفي يسار,
543,,,صنوبرص ريش خلفي يمين,
544,,,صنوبرص ستيرنج,
545,,,صنوبرص عجل أمامي يمين,
546,,,صنوبرص غرفة امامي يسار,
547,,,ضوء أمامي,
548,,,ضوء أمامي (زينون/ليد),
549,,,ضوء أمامي برواز,
550,,,ضوء أمامي يسار,
551,,,ضوء أمامي يمين,
552,,,ضوء أمامي يمين زينون,
553,,,ضوء امامي,
554,,,ضوء امامي برواز,
555,,,ضوء امامي يسار,
556,,,ضوء امامي يمين,
557,,,ضوء امامي يمين زينون,
558,,,ضوء امامي يمين عادي,
559,,,ضوء امامي يمين ليد,
560,,,ضوء خلفي,
561,,,ضوء خلفي (يمين/يسار),
562,,,ضوء خلفي سفلي يسار,
563,,,ضوء خلفي سفلي يمين,
564,,,ضوء خلفي يسار,
565,,,ضوء خلفي يسار علوي,
566,,,ضوء خلفي يمين,
567,,,ضوء خلفي يمين %50,
568,,,ضوء ريفيرس,
569,,,ضوء سقف امامي,
570,,,ضوء سقف خلفي,
571,,,ضوء سقف وسط,
572,,,ضوء غرفة داخلي (بيت النظارة),
573,,,ضوء غرفة داخلي وسط,
574,,,ضوء نمرة,
575,,,طابة هواء امامي يمين,
576,,,طابة هواء امامية يسار,
577,,,طابة هواء خلفي يمين,
578,,,طابة هواء خلفية يسار,
579,,,طارة استيرنج,
580,,,طارة ستيرنج,
581,,,طارة ستيرنج كاملة,
582,,,طاسة,
583,,,طاسة عجل,
584,,,طرمبة مساحات,
585,,,طقم بواجي,
586,,,طقم جنحان (تك),
587,,,طقم جنحان (سكس - زنبرك),
588,,,طقم جنحان (سكس - طابات),
589,,,طقم جنحان (سنجل),
590,,,طقم دعاسات تحت الاقدام (كامل),
591,,,طمبون أمامي,
592,,,طمبون امامي,
593,,,طمبون خلفي,
594,,,طمبون خلفي سفلي,
595,,,طمبون خلفي كامل,
596,,,طمبون خلفي كامل مع زنود عدد 2,
597,,,طمبون خلفي وسط,
598,,,طمبون خلفي يسار,
599,,,طنجرة طابة يسار,
600,,,طنجرة طابة يمين,
601,,,ظهر غرفة (فيبر اسود),
602,,,ظهر غرفة (قشرة حديد),
603,,,عارضة سنجل داخلية الماني,
604,,,عارضة سنجل داخلية بريطاني,
605,,,عاكس,
606,,,عاكس (يسار/يمين),
607,,,عاكسة,
608,,,عاكسة طمبون أمامي يمين,
609,,,عاكسة طمبون خلفي يسار,
610,,,عاكسة طمبون خلفي يمين,
611,,,عاكسة غطاء خلفي مسطرة,
612,,,عاكسة غطاء صندوق خلفي علوية طويلة,
613,,,عاكسة غطاء صندوق خلفي يسار,
614,,,عاكسة وسط,
615,,,عاكسة يسار,
616,,,عاكسة يمين,
617,,,عاكسه طمبون خلفي شمال,
618,,,عراضة خشب اسفل الصندوق,
619,,,عصا جير,
620,,,عظمة تابلو سفلية عند الدعسات يسار,
621,,,عظمة تابلو سفلية عند الدعسات يمين,
622,,,عظمة تابلو وسط سفلية يسار,
623,,,عظمة تابلو وسط سفلية يمين,
624,,,عظمة جحش وسط جانبية يسار,
625,,,عظمة جحش وسط جانبية يمين,
626,,,عظمة ستيرنج سفلية,
627,,,عظمة ستيرنج علوية,
628,,,عظمة شمعة اماميه يسار,
629,,,عظمة شمعة اماميه يمين,
630,,,عظمة شمعة خلفية يسار,
631,,,عظمة شمعة خلفية يمين,
632,,,عظمة شمعة وسط يسار سفلية,
633,,,عظمة شمعة وسط يسار علوية,
634,,,عظمة شمعة وسط يمين سفلية,
635,,,عظمة شمعة وسط يمين علوية,
636,,,عظمة كرسي جنب امامي يسار,
637,,,عظمة كرسي جنب امامي يمين,
638,,,عظمة كيبل بطارية,
639,,,عظمه حزام امان خلفي داخل الصندوق يسار,
640,,,عظمه حزام امان خلفي داخل الصندوق يمين,
641,,,عظمه حزام امان خلفي داخل الغرفة يسار,
642,,,عظمه حزام امان خلفي داخل الغرفة يمين,
643,,,علبة جدلة كهرباء,
644,,,علبة فيوزات ثانوية اسفل الغطاء (فارغة ),
645,,,علبة فيوزات ثانوية اسفل الغطاء (كاملة),
646,,,علبة فيوزات داخلية (بالتابلو) يسار,
647,,,علبة فيوزات داخلية (بالتابلو) يمين,
648,,,علبة فيوزات رئيسية ( كاملة ),
649,,,علبة فيوزات رئيسية فارغة,
650,,,علبة فيوزات منظم انفيرتر على الفخذة يمين,
651,,,عواكس,
652,,,عواكس سبويلر,
653,,,عواكس طمبون خلفي يسار,
654,,,عواكس طمبون خلفي يمين,
655,,,عواكس غطاء صندوق خلفي,
656,,,عواكس غطاء صندوق خلفي عدد 2,
657,,,عواكس يمين ويسار,
658,,,عين الضوء اليمين,
659,,,غرفة (كاملة),
660,,,غرفة امامية كاملة بجميع محتوياتها,
661,,,غرفة فارغة (هيكل),
662,,,غطاء السبير,
663,,,غطاء امامي,
664,,,غطاء انفيرتر,
665,,,غطاء بطارية بلاستيك,
666,,,غطاء بطارية سفلي (اسفل الكرسي الخلفي),
667,,,غطاء بطارية علوي (اسفل الكرسي الخلفي),
668,,,غطاء تابلو امامي (تسكيرة) يسار,
669,,,غطاء تابلو امامي (تسكيرة) يمين,
670,,,غطاء تابلو خلفي,
671,,,غطاء تنك بنزين,
672,,,غطاء جير بلاستيك داخلي,
673,,,غطاء خلفي,
674,,,غطاء خلفي فارغ,
675,,,غطاء رادار خلفي,
676,,,غطاء روديتر (داخل غرفة الركاب),
677,,,غطاء سماعة باب امامي يسار,
678,,,غطاء سماعة باب امامي يمين,
679,,,غطاء سماعة باب خلفي يسار,
680,,,غطاء سماعة باب خلفي يمين,
681,,,غطاء سماعة تابلو امامية وسط,
682,,,غطاء سماعة تابلو امامية يسار,
683,,,غطاء سماعة تابلو امامية يمين,
684,,,غطاء سماعة تابلو خلفية وسط,
685,,,غطاء سماعة تابلو خلفية يسار,
686,,,غطاء سماعة تابلو خلفية يمين,
687,,,غطاء سماعة خلفية يسار داخل الصندوق,
688,,,غطاء سماعة خلفية يمين داخل الصندوق,
689,,,غطاء شمعة يسار خلف باب السائق طولية,
690,,,غطاء صندوق جحش وسط,
691,,,غطاء صندوق خلفي,
692,,,غطاء صندوق خلفي فارغ,
693,,,غطاء صندوق خلفي كامل يشمل الزجاج,
694,,,غطاء طارة ستيرنج,
695,,,غطاء عامود ستيرنج سفلي,
696,,,غطاء عامود ستيرنج علوي,
697,,,غطاء عامود ستيرنج كامل,
698,,,غطاء عامود ستيرنج وسط,
699,,,غطاء علبة فيوزات اسفل الطارة,
700,,,غطاء علبة فيوزات ثانوية,
701,,,غطاء علبة فيوزات رئيسية,
702,,,غطاء فتحة تابلو (كبسة),
703,,,غطاء فلتر مكيف,
704,,,غطاء قاعدة الشحن,
705,,,غطاء قاعدة غيارات,
706,,,غطاء كشاف طمبون أمامي يمين,
707,,,غطاء كيبل بطارية (+),
708,,,غطاء كيبل كمبيوتر,
709,,,غطاء متكة تابلو,
710,,,غطاء محرك,
711,,,غطاء محرك (داخل غرفة الركاب),
712,,,غطاء مكيف خارجي وسط,
713,,,غطاء مكيف خارجي يسار,
714,,,غطاء مكيف خارجي يمين,
715,,,غطاء هوك,
716,,,غطاء هوك أمامي,
717,,,غطاء هوك امامي,
718,,,غطاء هوك خلفي يمين,
719,,,غطاء يد غيارات,
720,,,غليون فلتر هواء,
721,,,غماز,
722,,,غماز أمامي يسار,
723,,,غماز أمامي يمين,
724,,,غماز صغير,
725,,,فخذة سنجل (راس تريلة) الماني,
726,,,فخذة شصي طابات يسار,
727,,,فخذة شصي طابات يمين,
728,,,فخذه اماميه يسار,
729,,,فرش ظهر الكرسي الخلفي,
730,,,فرش ظهر كرسي الراكب امامي يمين,
731,,,فرش ظهر كرسي السائق امامي يسار,
732,,,فرش مقعدة الكرسي الخلفي,
733,,,فرش مقعدة كرسي الراكب,
734,,,فرش مقعدة كرسي السائق,
735,,,فرنداكس امامي (فارغ),
736,,,فرنداكس امامي (كامل),
737,,,فصالات,
738,,,فصالات أبواب,
739,,,فصالات باب سحاب خلفي يسار,
740,,,فصالات غطاء صندوق خلفي,
741,,,فصالة غطاء محرك يمين,
742,,,فصالة يمين,
743,,,فلتر مكيف (كامل),
744,,,فلتر نشافة (مكيف),
745,,,فلتر هواء (مركبات شحن) امونيا,
746,,,فلتر هواء (مركبات شحن) سنجل,
747,,,فلتر هواء (مركبات شحن) صاروخ,
748,,,فلتر هواء (مركبات شحن) عادي,
749,,,فلتر هواء صاج امامي يسار,
750,,,فلتر هواء صاج امامي يمين,
751,,,فلنجة امامية,
752,,,فلنجة خلفية,
753,,,فلنجة درايف شافت على البككس,
754,,,فلنجة وسط,
755,,,فلينة,
756,,,فلينه,
757,,,فيبرة كتف يسار,
758,,,فيبرة كتف يمين,
759,,,فيش جدلة كهرباء,
760,,,فيش شاحن كهرباء,
761,,,فيوز,
762,,,فيوز فصل البطارية,
763,,,فيوز كهرباء رئيسي,
764,,,قاطع (فاصل داخلي),
765,,,قاطع بطارية رئيسي,
766,,,قاطع لوحة كهرباء,
767,,,قاعدة,
768,,,قاعدة انفيرتر,
769,,,قاعدة برابيش الذنبة,
770,,,قاعدة بطارية التشغيل,
771,,,قاعدة جحش خلفي يسار,
772,,,قاعدة جحش خلفي يمين,
773,,,قاعدة جك غرفة,
774,,,قاعدة حساس ترحيب,
775,,,قاعدة ستيرنج على جسر التابلو الامامي الداخلي,
776,,,قاعدة شاحن,
777,,,قاعدة شمسية غرفة وسط,
778,,,قاعدة شمسية غرفة يسار,
779,,,قاعدة شمسية غرفة يمين,
780,,,قاعدة صنوبرص ريش امامي يسار,
781,,,قاعدة صنوبرص ريش امامي يمين,
782,,,قاعدة صنوبرص ريش خلفي يسار,
783,,,قاعدة صنوبرص ريش خلفي يمين,
784,,,قاعدة ضوء خلفي يمين,
785,,,قاعدة طابة سنجل (راس تريلة) الماني,
786,,,قاعدة طابة سنجل (راس تريلة) بريطاني,
787,,,قاعدة طرمبة جك غرفة,
788,,,قاعدة علبة فيوزات ثانوية,
789,,,قاعدة علبة فيوزات رئيسية,
790,,,قاعدة غرفة امامية يسار,
791,,,قاعدة غرفة امامية يمين,
792,,,قاعدة غرفة خلفية يمين,
793,,,قاعدة غيارات,
794,,,قاعدة فلتر امونيا على الجحش (خارجية),
795,,,قاعدة فلتر امونيا على الجحش (داخلية),
796,,,قاعدة فلتر مكيف,
797,,,قاعدة فلتر هواء,
798,,,قاعدة كرسي خلفي يسار,
799,,,قاعدة كرسي خلفي يمين,
800,,,قزازة شاشة العدادات الرئيسية,
801,,,قشرة,
802,,,قشرة امامي,
803,,,قشرة تابلو,
804,,,قشرة تابلو اسفل الستيرنج,
805,,,قشرة تابلو سفلية,
806,,,قشرة تابلو سفلية يسار,
807,,,قشرة تابلو سفلية يمين,
808,,,قشرة تابلو علوية,
809,,,قشرة تابلو وسط,
810,,,قشرة خلفية,
811,,,قشرة طمبون أمامي,
812,,,قشرة طمبون امامي,
813,,,قشرة طمبون امامي % 50,
814,,,قشرة طمبون خلفي,
815,,,قشرة طمبون خلفي %50,
816,,,قشرة طمبون خلفي + حماله يمين,
817,,,قشرة طمبون خلفي سبويلر سفلي,
818,,,قشرة طمبون خلفي مسكر حساس,
819,,,قشرة طمبون خلفي وسط,
820,,,قصة ارضية امامية يسار,
821,,,قصة ارضية امامية يمين,
822,,,قصة ارضية خلفية,
823,,,قصة ارضية خلفية يسار,
824,,,قصة ارضية خلفية يمين,
825,,,قصة ارضية وسط,
826,,,قصة واجهة خلفيه,
827,,,قصه جناح خلفي يسار,
828,,,قفل ستيرنج,
829,,,قواعد,
830,,,كاميرا خلفية,
831,,,كبسات باب امامي يسار,
832,,,كبسات باب امامي يمين,
833,,,كبسات تحكم طارة,
834,,,كبسات فتحة سقف كامله,
835,,,كبسة ABS,
836,,,كبسة تثبيت السيارة,
837,,,كبسة تشغيل السيارة (STRT),
838,,,كبسة سنجل,
839,,,كبسة فلشر,
840,,,كت جانبي يسار,
841,,,كت جانبي يمين,
842,,,كت خلفي وسط,
843,,,كت خلفي يسار,
844,,,كت خلفي يمين,
845,,,كت دفاية,
846,,,كت دفاية داخلي,
847,,,كتاوت,
848,,,كتاوت اضافات,
849,,,كتاوت ايرباج,
850,,,كتاوت تشغيل,
851,,,كرسي امامي,
852,,,كرسي امامي يسار,
853,,,كرسي امامي يمين,
854,,,كرسي خلفي,
855,,,كرسي خلفي (ارضية كرسي),
856,,,كرسي خلفي (ظهر كرسي),
857,,,كرسي خلفي كامل,
858,,,كشاف طمبون,
859,,,كشاف طمبون أمامي,
860,,,كشاف طمبون أمامي يسار,
861,,,كشاف طمبون أمامي يمين,
862,,,كشاف طمبون امامي يسار,
863,,,كشاف طمبون امامي يمين,
864,,,كشاف طمبون امامي يمين ليد,
865,,,كشافات طمبون امامي يمين,
866,,,كفة,
867,,,كفة + هب عجل أمامي يمين,
868,,,كفر اكزوزت,
869,,,كفر بطارية كهرباء اسفل المركبة,
870,,,كفر حزام خلفي يسار,
871,,,كفر حزام خلفي يمين,
872,,,كفر دفاية,
873,,,كفر عمود طارة ستيرنج,
874,,,كفه,
875,,,كلبسات,
876,,,كلتش,
877,,,كلتش مروحة (زئبق),
878,,,كلتش مروحة (عادي),
879,,,كلتش مروحة (كهرباء),
880,,,كمبيوتر ايرباج رئيسي,
881,,,كمبيوتر بطارية كهرباء,
882,,,كمبيوتر بطارية كهرباء (رئيسي),
883,,,كمبيوتر بطارية كهرباء (فرعي),
884,,,كمبيوتر بطارية هايبرد,
885,,,كمبيوتر تشغيل,
886,,,كمبيوتر جير,
887,,,كمبيوتر رئيسي ( CPU ),
888,,,كمبيوتر شاشة,
889,,,كمبيوتر شحن البطارية OBC,
890,,,كمبيوتر صواعق,
891,,,كمبيوتر طرمبة جير سفلية,
892,,,كمبيوتر كشفة,
893,,,كمبيوتر مجموعة ستيرنج,
894,,,كمبيوتر محرك,
895,,,كمبيوتر مسجل,
896,,,كمبيوتر هوك خلفي,
897,,,كنترول بودي,
898,,,كنترول تيلي ماتيك,
899,,,كوشوك عجل,
900,,,كوشوكة,
901,,,كوشوكة (%50),
902,,,كوشوكة عجل,
903,,,كوشوكة عجل %50,
904,,,كوشوكة عجل امامي %50,
905,,,كوشوكة عجل خلفي يسار %50,
906,,,كوشوكه امامي يمين عدد 502 %,
907,,,كومبيوتر كوندشن,
908,,,كيبل ايرباج على البطارية (فيوز رصاصة),
909,,,كيبل بطارية,
910,,,كيبل بطارية هاي فولتيج (برتقالي),
911,,,لبادة صدر المحرك,
912,,,لبادة ظهر الغرفة,
913,,,لوحة FM,
914,,,لوحة GM تحت الغرفة,
915,,,لوحة تحكم داخلية (ازرار اسفل المسجل),
916,,,لوحة عدادات,
917,,,لوحة كهرباء,
918,,,لوحة كهرباء خلفية يسار,
919,,,لوحة كهرباء خلفية يمين,
920,,,ليد,
921,,,مؤشر,
922,,,ماتور دفاية,
923,,,ماتور كشفة,
924,,,ماتور مطرة ماء مساحات خلفية,
925,,,ماسورة A,
926,,,ماسورة B,
927,,,ماسورة C,
928,,,ماسورة باب ركاب (دربزين),
929,,,ماسورة سنجل الماني,
930,,,ماسورة سنجل بريطاني,
931,,,ماكينة,
932,,,ماوس تحكم,
933,,,متكة تابلو,
934,,,مجمع كبسات تابلو,
935,,,مجمع كبسات زجاج,
936,,,مجموعة دعسات بريك,
937,,,مجموعة ستيرنج علوية زيت,
938,,,مجموعة ستيرنج علوية كهرباء,
939,,,مجموعة عجل امامي يمين يسار,
940,,,محرك كهربائي امامي,
941,,,محرك كهربائي امامي يسار,
942,,,محرك كهربائي امامي يمين,
943,,,محرك كهربائي خلفي,
944,,,محرك كهربائي خلفي يسار,
945,,,محرك كهربائي خلفي يمين,
946,,,مرآة باب أمامي,
947,,,مرآة باب أمامي يسار,
948,,,مرآه يسار,
949,,,مرأة باب امامي,
950,,,مرأة باب امامي يسار,
951,,,مراة بوز امامية,
952,,,مراة وسط داخلية,
953,,,مراه يمين,
954,,,مراوح,
955,,,مربط تثبيت بطارية,
956,,,مربط تنك ديزل اعوج,
957,,,مربط تنك ديزل دب (عريض),
958,,,مربط تنك ديزل دغري,
959,,,مربط تنك ديزل عادي (رفيع ),
960,,,مربط كيبل بطارية,
961,,,مرجيحة,
962,,,مرش نكل,
963,,,مرش وسط يسار ألمنيوم,
964,,,مرش وسط يمين بلاستيك,
965,,,مروحة دفاية,
966,,,مزراب تنده سقف يسار,
967,,,مزراب تنده سقف يمين,
968,,,مسجل,
969,,,مسطرة,
970,,,مسند رأس,
971,,,مسند رأس يسار,
972,,,مسند رأس يمين,
973,,,مسنن جنزير خلفي,
974,,,مصلب عامود ستيرنج,
975,,,مطرة راجع,
976,,,مطرة ماء مساحات,
977,,,مطرة ماء مساحات خلفية يسار,
978,,,مطرة ماء مساحات خلفية يمين,
979,,,مفتاح اضوية,
980,,,مكيف,
981,,,مكيف خارجي (مركبات شحن),
982,,,ملحق كشف وكالة 1,
983,,,ملحق كشف وكالة 2,
984,,,ملحق كشف وكالة 3,
985,,,ملف طارة,
986,,,منظم تيربو كهرباء,
987,,,منظم مكيف,
988,,,مواسير مكيف,
989,,,موزع دفاية,
990,,,موكيت ارضية,
991,,,نكلة,
992,,,نكلة إكزوزت,
993,,,نكلة باب,
994,,,نكلة جناح أمامي يمين,
995,,,نكلة طمبون أمامي تحت الضرر,
996,,,نكلة طمبون أمامي يمين,
997,,,نكلة طمبون أمامية,
998,,,نكلة طمبون عريضة,
999,,,نكلة يمين,
1000,,,نكله اكزوزت خلفي يسار,
1001,,,نكله طمبون امامي يسار,
1002,,,نكله طمبون امامي يمين,
1003,,,هاندبار,
1004,,,هب,
1005,,,هب امامي يمين,
1006,,,هب عجل أمامي يسار,
1007,,,هب عجل امامي يمين,
1008,,,هب عجل خلفي يمين,
1009,,,هف (يد هاند بريك),
1010,,,هواية تابلو وسط,
1011,,,هواية تابلو يسار,
1012,,,هواية تابلو يمين,
1013,,,هواية جناح,
1014,,,هواية جناح خلفي يسار,
1015,,,هواية جناح خلفي يمين,
1016,,,هواية زجاج امامي علوية داخلية,
1017,,,هواية طمبون أمامي,
1018,,,هواية مكيف علوي امامية يسار,
1019,,,هواية مكيف علوي امامية يمين,
1020,,,هواية مكيف علوي خلفية يسار,
1021,,,هواية مكيف علوي خلفية يمين,
1022,,,هواية مكيف علوي وسط يسار,
1023,,,هواية مكيف علوي وسط يمين,
1024,,,هواية يمين,
1025,,,هوايه طمبون امامي يمين,
1026,,,واجهة,
1027,,,واجهة أمامية,
1028,,,واجهة أمامية حديد,
1029,,,واجهة أمامية علوية,
1030,,,واجهة أمامية فيبر,
1031,,,واجهة أمامية مسكرة,
1032,,,واقية جنزير,
1033,,,واقية وحل,
1034,,,واقيه بلاستيك,
1035,,,واقيه وحل,
1036,,,يد باب امامي يسار,
1037,,,يد باب امامي يمين خارجية,
1038,,,يد تحكم كروز كنترول,
1039,,,يد تحكم مكيف يسار,
1040,,,يد تحكم مكيف يمين,
1041,,,يد تندة (مسكة) امامية يسار,
1042,,,يد تندة (مسكة) امامية يمين,
1043,,,يد تندة (مسكة) خلفية يسار,
1044,,,يد تندة (مسكة) خلفية يمين,
1045,,,يد جمع بككسات,
1046,,,يد جير (غيارات),
1047,,,يد ريتاردر,
1048,,,يد سكة كرسي امامي يسار,
1049,,,يد سكة كرسي امامي يمين,
1050,,,يد سيخ غطاء محرك داخلية,
1051,,,يد طرمبة جك غرفة,
1052,,,يد طفاية,
1053,,,يد غرفة (مسكة) امامية يسار,
1054,,,يد غرفة (مسكة) امامية يمين,
1055,,,يد غرفة (مسكة) خلفية يسار,
1056,,,يد غرفة (مسكة) خلفية يمين,
1057,,,يد غمازات,
1058,,,يد قفل الستيرنج,
1059,,,يد مساحات على الستيرنج,
1060,,,يسار,
1061,,,يسار ( خد امامي ),
