id,make_name
1,兀亘丕乇孬
2,兀賰賵乇丕
3,亘丕賷賰
4,亘賷 賵丕賷 丿賷
5,卮丕賳噩丕賳
6,卮賷乇賷
7,廿賰爻賷丿
8,噩賷 兀賷賴 爻賷
9,噩乇賷鬲 賵賵賱
10,噩賷賱賷
11,賴賵賳卮賷
12,噩丕賰
13,噩賷鬲賵乇
14,廿賲 噩賷
15,卮丕賵賲賷
16,兀爻鬲賵賳 賲丕乇鬲賳
17,兀賱賮丕 乇賵賲賷賵
18,兀賵丿賷
19,廿賳賮賷賳賷鬲賷
20,廿賷爻賵夭賵
21,廿賷賳賷賵爻
22,亘賳鬲賱賷
23,亘賵乇卮賴
24,亘賷 廿賲 丿亘賱賷賵
25,亘賷 賵丕賷 丿賷
26,亘賷噩賵
27,鬲爻賱丕
28,鬲賵賷賵鬲丕
29,噩丕賰
30,噩乇賷鬲 賵賵賱
31,噩賷 廿賲 爻賷
32,噩賷亘
33,噩賷鬲賵乇
34,噩賷賱賷
35,噩賷賳賷爻賷爻
36,乇丕賲
37,乇賵賱夭 乇賵賷爻 -
38,乇賷賲丕賰
39,乇賷賳賵
40,夭賷賳噩乇
41,夭賷賳賮賵
42,爻賰賵丿丕
43,爻賵亘丕乇賵
44,爻賵夭賵賰賷
45,卮丕賳噩丕賳
46,卮賷乇賷
47,卮賷賮乇賵賱賷賴
48,賮賵乇丿
49,賮賵賱賮賵
50,賮賵賱賰爻 賮丕噩賳
51,賮賷乇丕乇賷
52,賮賷爻賰乇
53,賰丕丿賷賱丕賰
54,賰賷丕
55,賱丕賲亘賵乇睾賷賳賷
56,賱丕賳丿 乇賵賮乇
57,賱賰夭爻
58,賱賵爻賷丿
59,賱賷賳賰 兀賳丿 賰賵 &
60,賱賷賳賰賵賱賳
61,賲丕夭丿丕
62,賲丕夭賷乇丕鬲賷
63,賲丕賰賱丕乇賷賳
64,賲乇爻賷丿爻
65,賲賷鬲爻賵亘賷卮賷
66,賳賷爻丕賳
67,賴丕賮丕賱
68,賴賵賳丿丕
69,賴賵賳卮賷
70,賴賷賳賷爻賷
71,賴賷賵賳丿丕賷