part_name,default_price
TCO,0
أجنحة جانبية,0
أحزمة أمان,0
أكس أمامي,0
TCO,0
أجنحة جانبية,0
أحزمة أمان,0
أكس أمامي,0
أكس عجل خلفي,0
إشارة,0
إشارة Turbo,0
إشارة مرسيدس,0
إكزوزت كامل,0
إير فلاب أمامي كامل,0
إيرباج,0
إيرفلاب كامل,0
احزمه امان,0
اسفنج ظهر كرسي الراكب امامي يمين,0
اسفنج ظهر كرسي السائق امامي يسار,0
اسلاك بواجي,0
اسوارة تشغيل على السوتش (قارئ عدسة ),0
اشارة,0
اشارة هونداي,0
اظفر طابة (قاعدة) امامية يسار,0
اظفر طابة (قاعدة) امامية يمين,0
اظفر طابة (قاعدة) خلفية يسار,0
اظفر طابة (قاعدة) خلفية يمين,0
الأشارات,0
الاشارات,0
الباب الامامي اليسار,0
الزرفيل,0
الشعار الامامي,0
الشل,0
الشمعة الامامية اليسار,0
الغطاء الخلفي,0
الماكينه,0
المسطرة المضيئة,0
اليسار,0
امبلي فير,0
انتين امامي يسار,0
انتين امامي يمين,0
انتين خلفي يسار,0
انتين خلفي يمين,0
انتين داخلي على الواجهة,0
انتين سقف خلفي,0
انتين مسجل,0
انتين مفتاح السياره,0
انفيرتر,0
اير فلاب امامي كامل,0
ايرباج باب امامي يسار,0
ايرباج باب امامي يمين,0
ايرباج باب خلفي يسار,0
ايرباج باب خلفي يمين,0
ايرباج تابلو,0
ايرباج تابلو (جهة الراكب),0
ايرباج تنده يمين,0
ايرباج ركبة يسار,0
ايرباج ركبة يمين,0
ايرباج سقف (تندة) يسار,0
ايرباج سقف (تندة) يمين,0
ايرباج شمعة يسار,0
ايرباج شمعة يمين,0
ايرباج طارة,0
ايرباج كرسي امامي يسار,0
ايرباج كرسي امامي يمين,0
ايرباج كرسي خلفي يسار,0
ايرباج كرسي خلفي يمين,0
ايرباج كرسي مساعد امامي يسار,0
ايرباج كرسي مساعد امامي يمين,0
ايرباج مسند راس كرسي الراكب خلفي يسار,0
ايرباج مسند راس كرسي الراكب خلفي يمين,0
ايرباج مسند راس كرسي السائق,0
ايرباج مسند راس كرسي راكب امامي يمين,0
باب,0
باب أمامي يسار,0
باب أمامي يسار فارغ,0
باب أمامي يمين,0
باب أمامي يمين كامل,0
باب امامي يسار,0
باب امامي يسار فارغ,0
باب امامي يسار كامل,0
باب امامي يمين,0
باب امامي يمين فارغ,0
باب خلفي,0
باب خلفي يسار,0
باب خلفي يسار فارغ,0
باب خلفي يمين,0
باب خلفي يمين سفلي,0
باب خلفي يمين فارغ,0
باب خلفي يمين كامل,0
باب خلفي يميين فارغ,0
باب سحاب خلفي يسار كامل,0
باب سحاب خلفي يمين كامل,0
باب صندوق خلفي,0
بايرو فيوز,0
بربيش A,0
بربيش B,0
بربيش C,0
بربيش هواء,0
برداية سقف بانوراما,0
برداية سقف عادية,0
برغي غرفة يسار,0
برغي غرفة يمين,0
برغي قاعدة غرفة امامي يسار,0
برغي قاعدة غرفة امامي يمين,0
برغي قاعدة غرفة خلفي يسار,0
برغي قاعدة غرفة خلفي يمين,0
برواز,0
برواز تابلو وسط,0
برواز شاشة عدادات رئيسية,0
برواز شاشة عرض و تحكم,0
برواز شاشة مسجل,0
برواز عصا جير,0
برواز غماز,0
برواز كشاف,0
برواز كشاف أمامي يسار,0
برواز كشاف طمبون أمامي نكل,0
برواز مسجل,0
برواز هواية تابلو وسط,0
برواز هواية تابلو يسار,0
برواز هواية تابلو يمين,0
برواز واجهة مكيف على التابلو وسط,0
برواز يد باب داخلية امامية يسار,0
برواز يد باب داخلية امامية يمين,0
برواز يد باب داخلية خلفية يسار,0
برواز يد باب داخلية خلفية يمين,0
برواز يد تندة (مسكة) امامية يسار,0
برواز يد تندة (مسكة) امامية يمين,0
برواز يد تندة (مسكة) خلفية يسار,0
برواز يد تندة (مسكة) خلفية يمين,0
بريم نكلة,0
بطارية تشغيل,0
بطارية سيارة الكهرباء الرئيسية,0
بطارية هايبرد,0
بطانة,0
بطانة أسفل الطمبون الأمامي,0
بطانة أسفل الطمبون الخلفي,0
بطانة اسفل الطمبون الخلفي,0
بطانة جناح خلفي يسار,0
بطانة جناح خلفي يمين,0
بطانة جنب داخلية يسار,0
بطانة جنب داخلية يمين,0
بطانة داخلية,0
بطانة سقف,0
بطانة سقف وسط (وسط),0
بطانة سقف وسط امامية,0
بطانة سقف وسط خلفية,0
بطانة سقف يسار امامية,0
بطانة سقف يسار خلفية,0
بطانة سقف يسار وسط,0
بطانة سقف يمين امامية,0
بطانة سقف يمين خلفية,0
بطانة سقف يمين وسط,0
بطانة طربوش خلفي داخلية,0
بطانة طمبون خلفي,0
بطانة ظهر غرفة داخلية,0
بطانة غرفة داخلية امامية يسار,0
بطانة غرفة داخلية امامية يمين,0
بطانة غرفة داخلية خلفية يسار,0
بطانة غرفة داخلية خلفية يمين,0
بطانة غرفة داخلية وسط يسار,0
بطانة غرفة داخلية وسط يمين,0
بطانة فرن علوية,0
بطانه,0
بطانه جناح امامي يمين,0
بطانه جناح خلفي يسار,0
بطن,0
بككس امامي,0
بككس خلفي (قشرة),0
بككس خلفي (كامل),0
بكلة حزام امان امامي يسار,0
بكلة حزام امان امامي يمين,0
بكلة حزام امان خلفي وسط,0
بكلة حزام امان خلفي يسار,0
بكلة حزام امان خلفي يمين,0
بلاستيك واجهه امامية,0
بلاستيكة تابلو وسط,0
بلاستيكة تابلو يسار,0
بلاستيكة تابلو يمين,0
بلاستيكة واجهة خلفية,0
بلاستيكة واجهه خفلية,0
بلاستيكه واجهة اماميه,0
بلاستيكه واجهة خلفي,0
بلف دعسة امامي (مجمع دعسات),0
بلف دعسة امامي كامل (مع الدعسات),0
بلف سنتر طابة امامية يسار,0
بلف سنتر طابة امامية يمين,0
بلف سنتر طابة خلفية يسار,0
بلف سنتر طابة خلفية يمين,0
بلف سنتر غرفة (Actuator),0
بوجية,0
بوري هزاء داخل الجحش الوسط,0
بوكس غرفة امامي يسار مع كوشوكة,0
بوكس غرفة امامي يمين مع كوشوكة,0
بوكس غرفة خلفي يسار مع كوشوكة,0
بوكس غرفة خلفي يمين مع كوشوكة,0
بوكس غرفة يسار وسط مع كوشوكة,0
بوكس غرفة يمين وسط مع كوشوكة,0
بيل عجل,0
تابلو,0
تابلو (كامل),0
تابلو أمامي,0
تابلو امامي,0
تابلو خلفي,0
تابلو ساعات,0
تابلو سفلي,0
تابلو علوي,0
تخت سفلي,0
تخت علوي,0
ترييحة رجل سفلية يسار بجانب الدعسات,0
تنك امونيا (صغير),0
تنك امونيا (كبير),0
تنك امونيا (وسط),0
تنك بنزين,0
ثلاجة تبريد,0
ثلاجة مكيف,0
جحش غرفة (كامل),0
جحش غرفة (نظام صنوبرصات),0
جحش غرفة (نظام طابات هواء مع بلف سنتر),0
جحش كفات,0
جحش وسط بين الكرسيين,0
جدلة,0
جدلة USB داخلية,0
جدلة الكاميرات,0
جدلة امونيا (برابيش),0
جدلة امونيا (كهرباء),0
جدلة امونيا كاملة (كهرباء + برابيش),0
جدلة حساس ABS امامي يسار,0
جدلة حساس ABS امامي يمين,0
جدلة حساس ABS خلفي يسار,0
جدلة حساس ABS خلفي يمين,0
جدلة ضوء خلفي يسار,0
جدلة ضوء خلفي يمين,0
جدلة كمبيوتر هوك خلفي,0
جدلة كهرباء داخلية (داخل الغرفه),0
جدلة محرك سفلية,0
جدلة محرك علوية,0
جدلة محرك كهرباء,0
جدله,0
جدله %50,0
جرار نص (تحت التخت),0
جريب يمين,0
جسر,0
جسر ارضية امامي,0
جسر ارضية خلفي,0
جسر ارضية وسط,0
جسر الطمبون الامامي,0
جسر بلاستيك,0
جسر تابلو أمامي,0
جسر تابلو امامي,0
جسر تابلو امامي داخلي,0
جسر جنب يسار امامي,0
جسر جنب يسار خلفي,0
جسر جنب يسار وسط,0
جسر جنب يمين امامي,0
جسر جنب يمين خلفي,0
جسر جنب يمين وسط,0
جسر ستيرنج,0
جسر طابات امامي على الواجهة,0
جسر طمبون أمامي,0
جسر طمبون أمامي بلاستيك,0
جسر طمبون خلفي,0
جعمكة,0
جعمكة امامية,0
جك غرفة,0
جلدة برغي غرفة,0
جلدة شاحن تلفون وايرلس,0
جناح أمامي,0
جناح أمامي (يمين/يسار),0
جناح أمامي يسار,0
جناح أمامي يمين,0
جناح أمامية يسار,0
جناح امامي يسار,0
جناح امامي يمين,0
جناح اماميه يمين,0
جناح عجل امامي يسار (مركبات شحن) قطعة امامية,0
جناح عجل امامي يسار (مركبات شحن) قطعة خلفية,0
جناح عجل امامي يسار (مركبات شحن) قطعة علوية وسط,0
جناح عجل امامي يسار كامل (مركبات شحن),0
جناح عجل امامي يمين (مركبات شحن) قطعة امامية,0
جناح عجل امامي يمين (مركبات شحن) قطعة خلفية,0
جناح عجل امامي يمين (مركبات شحن) قطعة علوية وسط,0
جناح عجل خلفي يسار (مركبات شحن) قطعة امامية,0
جناح عجل خلفي يسار (مركبات شحن) قطعة خلفية,0
جناح عجل خلفي يسار (مركبات شحن) قطعة وسط,0
جناح عجل خلفي يسار (مركبات شحن) كامل,0
جناح عجل خلفي يمين (مركبات شحن) قطعة امامية,0
جناح عجل خلفي يمين (مركبات شحن) قطعة خلفية,0
جناح عجل خلفي يمين (مركبات شحن) قطعة وسط,0
جناح عجل خلفي يمين (مركبات شحن) كامل,0
جنب خلفي يسار (قصه),0
جنب خلفي يمين (قصة),0
جنب شمال,0
جنزير,0
جنط أمامي,0
جنط أمامي حديد,0
جنط أمامي يسار,0
جنط خلفي,0
جنط خلفي يسار,0
جنط خلفي يمين,0
جنط خلفي يمين ( كوشوكه (%50),0
جنطات امامية عدد 2,0
جيبة تابلو سفلية,0
جيبة تابلو علوية,0
جيبة تابلو وسط,0
جيبة تابلو يمين,0
جيبة جحش وسط,0
جيبة سقف علوية بلاستيك,0
جير كامل,0
حافظة نظارة اعلى السقف داخل الغرفة,0
حاملة كؤوس خلفية سفلية (بين الكرسيين),0
حزام امان امامي يسار,0
حزام امان امامي يمين,0
حزام امان خلفي وسط,0
حزام امان خلفي يسار,0
حزام امان خلفي يمين,0
حساس,0
حساس ABS امامي يسار,0
حساس ABS امامي يمين,0
حساس ABS خلفي يسار,0
حساس ABS خلفي يمين,0
حساس ايرباج امامي,0
حساس ايرباج امامي وسط,0
حساس ايرباج امامي يسار,0
حساس ايرباج امامي يمين,0
حساس ايرباج جانبي,0
حساس ايرباج جانبي يسار,0
حساس ايرباج جانبي يمين,0
حساس ايرباج خلفي,0
حساس ايرباج خلفي يسار,0
حساس ايرباج خلفي يمين,0
حساس باب امامي يسار,0
حساس باب امامي يمين,0
حساس باب خلفي يسار,0
حساس باب خلفي يمين,0
حساس ترحيب,0
حساس حركة ضوء داينامك يسار,0
حساس حركة ضوء داينامك يمين,0
حساس دخول ذكي,0
حساس طمبون,0
حساس طمبون (خلفي/وسط),0
حساس طمبون أمامي عدد 2,0
حساس طمبون أمامي يمين,0
حساس طمبون خلفي شمال,0
حساس فينوس (حساس كام شافت),0
حساس ملف طارة,0
حساس ميلان امامي يسار,0
حساس ميلان امامي يمين,0
حساس ميلان خلفي يسار,0
حساس ميلان خلفي يمين,0
حساسات طمبون أمامي,0
حساسات طمبون خلفي,0
حسب كشف الوكالة,0
حشوة فلتر مكيف,0
حلق باب امامي يسار (قصة),0
حلق باب امامي يمين (قصة),0
حلق جنب يسار,0
حلق جنب يمين,0
حمالات,0
حمالة,0
حمالة نظارات,0
حمالة يسار,0
حمالة يمين,0
حمالة يمين %50,0
حماله يسار,0
حماله يمين,0
حوض بطاريات خلفي,0
خط أمامي,0
خط جنب يسار,0
خلفي يمين فارغ,0
خلية بطارية,0
درج امامي يسار,0
درج امامي يسار كامل,0
درج امامي يمين كامل,0
دسبرتور,0
دعاسة تحت ارجل الراكب الامامي,0
دعاسة تحت ارجل الراكب الخلفي الايسر,0
دعاسة تحت ارجل الراكب الخلفي الايمن,0
دعاسة تحت ارجل الركاب للكرسي الوسط,0
دعاسة تحت ارجل السائق,0
دعاسة تحت ارجل كرسي الاطفال الخلفي,0
دعسات بريك ديزل,0
دعسة,0
دعسة بريك,0
دعسة بنزين,0
دعسة رجل يسار سفلية,0
دعسة كلتش,0
دفاية امامية تحت التابلو,0
دفيوزر خلفي,0
دفيوزر طمبون أمامي سفلي,0
دفيوزر طمبون خلفي سفلي,0
دقمة سلف,0
دلاية,0
دلاية أسفل الباب الأمامي,0
دلاية جناح امامي يسار,0
دلاية جناح امامي يمين,0
دلاية جناح خلفي يسار,0
دلاية جناح خلفي يمين,0
دلاية جناح وسط يسار,0
دلاية جناح وسط يمين,0
دلاية عجل,0
دلايه,0
دنجل أمامي,0
دنجل خلفي كامل,0
ديزل,0
ذراع ستيرنج على السنجل طويل,0
ذراع ستيرنج على السنجل قصير,0
رادار أمامي,0
رادار تصادم خلفي وسط,0
رادار تصادم خلفي يسار,0
رادار تصادم خلفي يمين,0
رديتر دفاية,0
رديتر ماء,0
رديتر مكيف,0
رسيفر بصمة,0
ركاية راس كرسي امامي يسار,0
ركاية راس كرسي امامي يمين,0
ركاية وسط,0
روديتر,0
روديتر ماء,0
روض اعوج,0
روض دغري يسار,0
روض دغري يمين,0
روض سيف خلفي,0
روض سيف طابات امامي,0
رول اوفر بار خلفي (ايرباج ركايات خلفية للكشفة),0
زاوية طمبون خلفي يسار,0
زاوية طمبون خلفي يمين,0
زاوية طمبون خلفية,0
زجاج أمامي,0
زجاج امامي,0
زجاج باب,0
زجاج بانوراما ثابته,0
زجاج جنب خلفي يسار,0
زجاج جنب خلفي يمين,0
زجاج غطاء صندوق خلفي,0
زرافيل,0
زرفيل,0
زرفيل الغطاء,0
زرفيل جيبة,0
زرفيل غطاء,0
زرفيل غطاء أمامي,0
زرفيل غطاء صندوق خلفي,0
زنود,0
سبويلر,0
سبويلر جناح أمامي يسار داير العجل,0
سبويلر جناح امامي يمين داير العجل,0
سبويلر جناح خلفي,0
سبويلر جناح خلفي داير العجل,0
سبويلر جناح خلفي يمين داير العجل,0
سبويلر داير العجل,0
سبويلر سفلي,0
سبويلر طمبون أمامي سفلي,0
سبويلر طمبون أمامي وسط,0
سبويلر طمبون امامي سفلي,0
سبويلر طمبون امامي وسط,0
سبويلر طمبون خلفي,0
سبويلر طمبون خلفي سفلي,0
سبويلر طمبون خلفي سفلي (نكلة),0
سبويلر طمبون خلفي وسط,0
سبويلر غطاء صندوق خلفي سفلية,0
سبويلر غطاء مضيء,0
سبويلر مسطرة,0
سبويلر وسط,0
سبويلر وسط أسود,0
سبويلر يسار,0
ستيرنج انجل,0
ستيكر,0
ستيكرز,0
سدادات كوشوك خلف التابلو على الصدر,0
سكبة موتور,0
سكة باب سحاب يسار,0
سلايدرات أمامية,0
سلك تحويلة دفاية,0
سلك حساس ABS عجل امامي يسار,0
سلك حساس ABS عجل امامي يمين,0
سلك حساس ABS عجل خلفي يسار,0
سلك حساس ABS عجل خلفي يمين,0
سماعة تابلو خلفي وسط,0
سماعة تابلو خلفي يسار,0
سماعة تابلو خلفي يمين,0
سماعة تابلو وسط,0
سماعة تابلو يسار,0
سماعة تابلو يمين,0
سماعة سقف امامية,0
سماعة سقف خلفية,0
سماعة سقف وسط,0
سمكة امامية يسار,0
سمكة تندة يسار,0
سمكة تندة يمين,0
سوتش تشغيل,0
شاحن تلفون وايرلس,0
شاحن كهرباء رئيسي,0
شاشة تابلو ديجتال,0
شاشة تابلو عادي,0
شاشة عدادات رئيسية (ساعات),0
شاشة عرض و تحكم,0
شاشة مسجل,0
شبر,0
شبر زجاج,0
شبر سقف داخلي يسار,0
شبر سقف داخلي يمين,0
شبر صندوق خلفي,0
شبك,0
شبك تابلو امامي علوي (جهة يسار),0
شبك تابلو امامي علوي (جهة يمين),0
شبك تابلو امامي علوي (وسط),0
شبك طمبون أمامي سفلي,0
شبك طمبون امامي,0
شبك طمبون امامي سفلي,0
شبك مساحات,0
شعار,0
شفتر جير على طارة ستيرنج,0
شل,0
شل (أمامي/إشارة),0
شل أمامي,0
شل أمامي إشارة,0
شل أمامي شبك طمبون أمامي,0
شل امامي,0
شل طمبون امامي سفلي,0
شمسية سقف,0
شمسية سقف يسار,0
شمسية سقف يمين,0
شمسية غرفة,0
شمعه وسط يسار,0
شوكة أمامية,0
شوكة امامية,0
شوكة خلفية,0
صاجة عوجاء,0
صحن طابة امامية يسار,0
صحن طابة امامية يمين,0
صحن طابة خلفية يسار,0
صحن طابة خلفية يمين,0
صندوق خلفي,0
صنوبرص,0
صنوبرص أمامي,0
صنوبرص حزام امان امامي يمين,0
صنوبرص خلفي يسار,0
صنوبرص خلفي يمين,0
صنوبرص ريش امامي يسار,0
صنوبرص ريش امامي يمين,0
صنوبرص ريش خلفي يسار,0
صنوبرص ريش خلفي يمين,0
صنوبرص ستيرنج,0
صنوبرص عجل أمامي يمين,0
صنوبرص غرفة امامي يسار,0
ضوء أمامي,0
ضوء أمامي (زينون/ليد),0
ضوء أمامي برواز,0
ضوء أمامي يسار,0
ضوء أمامي يمين,0
ضوء أمامي يمين زينون,0
ضوء امامي,0
ضوء امامي برواز,0
ضوء امامي يسار,0
ضوء امامي يمين,0
ضوء امامي يمين زينون,0
ضوء امامي يمين عادي,0
ضوء امامي يمين ليد,0
ضوء خلفي,0
ضوء خلفي (يمين/يسار),0
ضوء خلفي سفلي يسار,0
ضوء خلفي سفلي يمين,0
ضوء خلفي يسار,0
ضوء خلفي يسار علوي,0
ضوء خلفي يمين,0
ضوء خلفي يمين %50,0
ضوء ريفيرس,0
ضوء سقف امامي,0
ضوء سقف خلفي,0
ضوء سقف وسط,0
ضوء غرفة داخلي (بيت النظارة),0
ضوء غرفة داخلي وسط,0
ضوء نمرة,0
طابة هواء امامي يمين,0
طابة هواء امامية يسار,0
طابة هواء خلفي يمين,0
طابة هواء خلفية يسار,0
طارة استيرنج,0
طارة ستيرنج,0
طارة ستيرنج كاملة,0
طاسة,0
طاسة عجل,0
طرمبة مساحات,0
طقم بواجي,0
طقم جنحان (تك),0
طقم جنحان (سكس - زنبرك),0
طقم جنحان (سكس - طابات),0
طقم جنحان (سنجل),0
طقم دعاسات تحت الاقدام (كامل),0
طمبون أمامي,0
طمبون امامي,0
طمبون خلفي,0
طمبون خلفي سفلي,0
طمبون خلفي كامل,0
طمبون خلفي كامل مع زنود عدد 2,0
طمبون خلفي وسط,0
طمبون خلفي يسار,0
طنجرة طابة يسار,0
طنجرة طابة يمين,0
ظهر غرفة (فيبر اسود),0
ظهر غرفة (قشرة حديد),0
عارضة سنجل داخلية الماني,0
عارضة سنجل داخلية بريطاني,0
عاكس,0
عاكس (يسار/يمين),0
عاكسة,0
عاكسة طمبون أمامي يمين,0
عاكسة طمبون خلفي يسار,0
عاكسة طمبون خلفي يمين,0
عاكسة غطاء خلفي مسطرة,0
عاكسة غطاء صندوق خلفي علوية طويلة,0
عاكسة غطاء صندوق خلفي يسار,0
عاكسة وسط,0
عاكسة يسار,0
عاكسة يمين,0
عاكسه طمبون خلفي شمال,0
عراضة خشب اسفل الصندوق,0
عصا جير,0
عظمة تابلو سفلية عند الدعسات يسار,0
عظمة تابلو سفلية عند الدعسات يمين,0
عظمة تابلو وسط سفلية يسار,0
عظمة تابلو وسط سفلية يمين,0
عظمة جحش وسط جانبية يسار,0
عظمة جحش وسط جانبية يمين,0
عظمة ستيرنج سفلية,0
عظمة ستيرنج علوية,0
عظمة شمعة اماميه يسار,0
عظمة شمعة اماميه يمين,0
عظمة شمعة خلفية يسار,0
عظمة شمعة خلفية يمين,0
عظمة شمعة وسط يسار سفلية,0
عظمة شمعة وسط يسار علوية,0
عظمة شمعة وسط يمين سفلية,0
عظمة شمعة وسط يمين علوية,0
عظمة كرسي جنب امامي يسار,0
عظمة كرسي جنب امامي يمين,0
عظمة كيبل بطارية,0
عظمه حزام امان خلفي داخل الصندوق يسار,0
عظمه حزام امان خلفي داخل الصندوق يمين,0
عظمه حزام امان خلفي داخل الغرفة يسار,0
عظمه حزام امان خلفي داخل الغرفة يمين,0
علبة جدلة كهرباء,0
علبة فيوزات ثانوية اسفل الغطاء (فارغة ),0
علبة فيوزات ثانوية اسفل الغطاء (كاملة),0
علبة فيوزات داخلية (بالتابلو) يسار,0
علبة فيوزات داخلية (بالتابلو) يمين,0
علبة فيوزات رئيسية ( كاملة ),0
علبة فيوزات رئيسية فارغة,0
علبة فيوزات منظم انفيرتر على الفخذة يمين,0
عواكس,0
عواكس سبويلر,0
عواكس طمبون خلفي يسار,0
عواكس طمبون خلفي يمين,0
عواكس غطاء صندوق خلفي,0
عواكس غطاء صندوق خلفي عدد 2,0
عواكس يمين ويسار,0
عين الضوء اليمين,0
غرفة (كاملة),0
غرفة امامية كاملة بجميع محتوياتها,0
غرفة فارغة (هيكل),0
غطاء السبير,0
غطاء امامي,0
غطاء انفيرتر,0
غطاء بطارية بلاستيك,0
غطاء بطارية سفلي (اسفل الكرسي الخلفي),0
غطاء بطارية علوي (اسفل الكرسي الخلفي),0
غطاء تابلو امامي (تسكيرة) يسار,0
غطاء تابلو امامي (تسكيرة) يمين,0
غطاء تابلو خلفي,0
غطاء تنك بنزين,0
غطاء جير بلاستيك داخلي,0
غطاء خلفي,0
غطاء خلفي فارغ,0
غطاء رادار خلفي,0
غطاء روديتر (داخل غرفة الركاب),0
غطاء سماعة باب امامي يسار,0
غطاء سماعة باب امامي يمين,0
غطاء سماعة باب خلفي يسار,0
غطاء سماعة باب خلفي يمين,0
غطاء سماعة تابلو امامية وسط,0
غطاء سماعة تابلو امامية يسار,0
غطاء سماعة تابلو امامية يمين,0
غطاء سماعة تابلو خلفية وسط,0
غطاء سماعة تابلو خلفية يسار,0
غطاء سماعة تابلو خلفية يمين,0
غطاء سماعة خلفية يسار داخل الصندوق,0
غطاء سماعة خلفية يمين داخل الصندوق,0
غطاء شمعة يسار خلف باب السائق طولية,0
غطاء صندوق جحش وسط,0
غطاء صندوق خلفي,0
غطاء صندوق خلفي فارغ,0
غطاء صندوق خلفي كامل يشمل الزجاج,0
غطاء طارة ستيرنج,0
غطاء عامود ستيرنج سفلي,0
غطاء عامود ستيرنج علوي,0
غطاء عامود ستيرنج كامل,0
غطاء عامود ستيرنج وسط,0
غطاء علبة فيوزات اسفل الطارة,0
غطاء علبة فيوزات ثانوية,0
غطاء علبة فيوزات رئيسية,0
غطاء فتحة تابلو (كبسة),0
غطاء فلتر مكيف,0
غطاء قاعدة الشحن,0
غطاء قاعدة غيارات,0
غطاء كشاف طمبون أمامي يمين,0
غطاء كيبل بطارية (+),0
غطاء كيبل كمبيوتر,0
غطاء متكة تابلو,0
غطاء محرك,0
غطاء محرك (داخل غرفة الركاب),0
غطاء مكيف خارجي وسط,0
غطاء مكيف خارجي يسار,0
غطاء مكيف خارجي يمين,0
غطاء هوك,0
غطاء هوك أمامي,0
غطاء هوك امامي,0
غطاء هوك خلفي يمين,0
غطاء يد غيارات,0
غليون فلتر هواء,0
غماز,0
غماز أمامي يسار,0
غماز أمامي يمين,0
غماز صغير,0
فخذة سنجل (راس تريلة) الماني,0
فخذة شصي طابات يسار,0
فخذة شصي طابات يمين,0
فخذه اماميه يسار,0
فرش ظهر الكرسي الخلفي,0
فرش ظهر كرسي الراكب امامي يمين,0
فرش ظهر كرسي السائق امامي يسار,0
فرش مقعدة الكرسي الخلفي,0
فرش مقعدة كرسي الراكب,0
فرش مقعدة كرسي السائق,0
فرنداكس امامي (فارغ),0
فرنداكس امامي (كامل),0
فصالات,0
فصالات أبواب,0
فصالات باب سحاب خلفي يسار,0
فصالات غطاء صندوق خلفي,0
فصالة غطاء محرك يمين,0
فصالة يمين,0
فلتر مكيف (كامل),0
فلتر نشافة (مكيف),0
فلتر هواء (مركبات شحن) امونيا,0
فلتر هواء (مركبات شحن) سنجل,0
فلتر هواء (مركبات شحن) صاروخ,0
فلتر هواء (مركبات شحن) عادي,0
فلتر هواء صاج امامي يسار,0
فلتر هواء صاج امامي يمين,0
فلنجة امامية,0
فلنجة خلفية,0
فلنجة درايف شافت على البككس,0
فلنجة وسط,0
فلينة,0
فلينه,0
فيبرة كتف يسار,0
فيبرة كتف يمين,0
فيش جدلة كهرباء,0
فيش شاحن كهرباء,0
فيوز,0
فيوز فصل البطارية,0
فيوز كهرباء رئيسي,0
قاطع (فاصل داخلي),0
قاطع بطارية رئيسي,0
قاطع لوحة كهرباء,0
قاعدة,0
قاعدة انفيرتر,0
قاعدة برابيش الذنبة,0
قاعدة بطارية التشغيل,0
قاعدة جحش خلفي يسار,0
قاعدة جحش خلفي يمين,0
قاعدة جك غرفة,0
قاعدة حساس ترحيب,0
قاعدة ستيرنج على جسر التابلو الامامي الداخلي,0
قاعدة شاحن,0
قاعدة شمسية غرفة وسط,0
قاعدة شمسية غرفة يسار,0
قاعدة شمسية غرفة يمين,0
قاعدة صنوبرص ريش امامي يسار,0
قاعدة صنوبرص ريش امامي يمين,0
قاعدة صنوبرص ريش خلفي يسار,0
قاعدة صنوبرص ريش خلفي يمين,0
قاعدة ضوء خلفي يمين,0
قاعدة طابة سنجل (راس تريلة) الماني,0
قاعدة طابة سنجل (راس تريلة) بريطاني,0
قاعدة طرمبة جك غرفة,0
قاعدة علبة فيوزات ثانوية,0
قاعدة علبة فيوزات رئيسية,0
قاعدة غرفة امامية يسار,0
قاعدة غرفة امامية يمين,0
قاعدة غرفة خلفية يمين,0
قاعدة غيارات,0
قاعدة فلتر امونيا على الجحش (خارجية),0
قاعدة فلتر امونيا على الجحش (داخلية),0
قاعدة فلتر مكيف,0
قاعدة فلتر هواء,0
قاعدة كرسي خلفي يسار,0
قاعدة كرسي خلفي يمين,0
قزازة شاشة العدادات الرئيسية,0
قشرة,0
قشرة امامي,0
قشرة تابلو,0
قشرة تابلو اسفل الستيرنج,0
قشرة تابلو سفلية,0
قشرة تابلو سفلية يسار,0
قشرة تابلو سفلية يمين,0
قشرة تابلو علوية,0
قشرة تابلو وسط,0
قشرة خلفية,0
قشرة طمبون أمامي,0
قشرة طمبون امامي,0
قشرة طمبون امامي % 50,0
قشرة طمبون خلفي,0
قشرة طمبون خلفي %50,0
قشرة طمبون خلفي + حماله يمين,0
قشرة طمبون خلفي سبويلر سفلي,0
قشرة طمبون خلفي مسكر حساس,0
قشرة طمبون خلفي وسط,0
قصة ارضية امامية يسار,0
قصة ارضية امامية يمين,0
قصة ارضية خلفية,0
قصة ارضية خلفية يسار,0
قصة ارضية خلفية يمين,0
قصة ارضية وسط,0
قصة واجهة خلفيه,0
قصه جناح خلفي يسار,0
قفل ستيرنج,0
قواعد,0
كاميرا خلفية,0
كبسات باب امامي يسار,0
كبسات باب امامي يمين,0
كبسات تحكم طارة,0
كبسات فتحة سقف كامله,0
كبسة ABS,0
كبسة تثبيت السيارة,0
كبسة تشغيل السيارة (STRT),0
كبسة سنجل,0
كبسة فلشر,0
كت جانبي يسار,0
كت جانبي يمين,0
كت خلفي وسط,0
كت خلفي يسار,0
كت خلفي يمين,0
كت دفاية,0
كت دفاية داخلي,0
كتاوت,0
كتاوت اضافات,0
كتاوت ايرباج,0
كتاوت تشغيل,0
كرسي امامي,0
كرسي امامي يسار,0
كرسي امامي يمين,0
كرسي خلفي,0
كرسي خلفي (ارضية كرسي),0
كرسي خلفي (ظهر كرسي),0
كرسي خلفي كامل,0
كشاف طمبون,0
كشاف طمبون أمامي,0
كشاف طمبون أمامي يسار,0
كشاف طمبون أمامي يمين,0
كشاف طمبون امامي يسار,0
كشاف طمبون امامي يمين,0
كشاف طمبون امامي يمين ليد,0
كشافات طمبون امامي يمين,0
كفة,0
كفة + هب عجل أمامي يمين,0
كفر اكزوزت,0
كفر بطارية كهرباء اسفل المركبة,0
كفر حزام خلفي يسار,0
كفر حزام خلفي يمين,0
كفر دفاية,0
كفر عمود طارة ستيرنج,0
كفه,0
كلبسات,0
كلتش,0
كلتش مروحة (زئبق),0
كلتش مروحة (عادي),0
كلتش مروحة (كهرباء),0
كمبيوتر ايرباج رئيسي,0
كمبيوتر بطارية كهرباء,0
كمبيوتر بطارية كهرباء (رئيسي),0
كمبيوتر بطارية كهرباء (فرعي),0
كمبيوتر بطارية هايبرد,0
كمبيوتر تشغيل,0
كمبيوتر جير,0
كمبيوتر رئيسي ( CPU ),0
كمبيوتر شاشة,0
كمبيوتر شحن البطارية OBC,0
كمبيوتر صواعق,0
كمبيوتر طرمبة جير سفلية,0
كمبيوتر كشفة,0
كمبيوتر مجموعة ستيرنج,0
كمبيوتر محرك,0
كمبيوتر مسجل,0
كمبيوتر هوك خلفي,0
كنترول بودي,0
كنترول تيلي ماتيك,0
كوشوك عجل,0
كوشوكة,0
كوشوكة (%50),0
كوشوكة عجل,0
كوشوكة عجل %50,0
كوشوكة عجل امامي %50,0
كوشوكة عجل خلفي يسار %50,0
كوشوكه امامي يمين عدد 502 %,0
كومبيوتر كوندشن,0
كيبل ايرباج على البطارية (فيوز رصاصة),0
كيبل بطارية,0
كيبل بطارية هاي فولتيج (برتقالي),0
لبادة صدر المحرك,0
لبادة ظهر الغرفة,0
لوحة FM,0
لوحة GM تحت الغرفة,0
لوحة تحكم داخلية (ازرار اسفل المسجل),0
لوحة عدادات,0
لوحة كهرباء,0
لوحة كهرباء خلفية يسار,0
لوحة كهرباء خلفية يمين,0
ليد,0
مؤشر,0
ماتور دفاية,0
ماتور كشفة,0
ماتور مطرة ماء مساحات خلفية,0
ماسورة A,0
ماسورة B,0
ماسورة C,0
ماسورة باب ركاب (دربزين),0
ماسورة سنجل الماني,0
ماسورة سنجل بريطاني,0
ماكينة,0
ماوس تحكم,0
متكة تابلو,0
مجمع كبسات تابلو,0
مجمع كبسات زجاج,0
مجموعة دعسات بريك,0
مجموعة ستيرنج علوية زيت,0
مجموعة ستيرنج علوية كهرباء,0
مجموعة عجل امامي يمين يسار,0
محرك كهربائي امامي,0
محرك كهربائي امامي يسار,0
محرك كهربائي امامي يمين,0
محرك كهربائي خلفي,0
محرك كهربائي خلفي يسار,0
محرك كهربائي خلفي يمين,0
مرآة باب أمامي,0
مرآة باب أمامي يسار,0
مرآه يسار,0
مرأة باب امامي,0
مرأة باب امامي يسار,0
مراة بوز امامية,0
مراة وسط داخلية,0
مراه يمين,0
مراوح,0
مربط تثبيت بطارية,0
مربط تنك ديزل اعوج,0
مربط تنك ديزل دب (عريض),0
مربط تنك ديزل دغري,0
مربط تنك ديزل عادي (رفيع ),0
مربط كيبل بطارية,0
مرجيحة,0
مرش نكل,0
مرش وسط يسار ألمنيوم,0
مرش وسط يمين بلاستيك,0
مروحة دفاية,0
مزراب تنده سقف يسار,0
مزراب تنده سقف يمين,0
مسجل,0
مسطرة,0
مسند رأس,0
مسند رأس يسار,0
مسند رأس يمين,0
مسنن جنزير خلفي,0
مصلب عامود ستيرنج,0
مطرة راجع,0
مطرة ماء مساحات,0
مطرة ماء مساحات خلفية يسار,0
مطرة ماء مساحات خلفية يمين,0
مفتاح اضوية,0
مكيف,0
مكيف خارجي (مركبات شحن),0
ملحق كشف وكالة 1,0
ملحق كشف وكالة 2,0
ملحق كشف وكالة 3,0
ملف طارة,0
منظم تيربو كهرباء,0
منظم مكيف,0
مواسير مكيف,0
موزع دفاية,0
موكيت ارضية,0
نكلة,0
نكلة إكزوزت,0
نكلة باب,0
نكلة جناح أمامي يمين,0
نكلة طمبون أمامي تحت الضرر,0
نكلة طمبون أمامي يمين,0
نكلة طمبون أمامية,0
نكلة طمبون عريضة,0
نكلة يمين,0
نكله اكزوزت خلفي يسار,0
نكله طمبون امامي يسار,0
نكله طمبون امامي يمين,0
هاندبار,0
هب,0
هب امامي يمين,0
هب عجل أمامي يسار,0
هب عجل امامي يمين,0
هب عجل خلفي يمين,0
هف (يد هاند بريك),0
هواية تابلو وسط,0
هواية تابلو يسار,0
هواية تابلو يمين,0
هواية جناح,0
هواية جناح خلفي يسار,0
هواية جناح خلفي يمين,0
هواية زجاج امامي علوية داخلية,0
هواية طمبون أمامي,0
هواية مكيف علوي امامية يسار,0
هواية مكيف علوي امامية يمين,0
هواية مكيف علوي خلفية يسار,0
هواية مكيف علوي خلفية يمين,0
هواية مكيف علوي وسط يسار,0
هواية مكيف علوي وسط يمين,0
هواية يمين,0
هوايه طمبون امامي يمين,0
واجهة,0
واجهة أمامية,0
واجهة أمامية حديد,0
واجهة أمامية علوية,0
واجهة أمامية فيبر,0
واجهة أمامية مسكرة,0
واقية جنزير,0
واقية وحل,0
واقيه بلاستيك,0
واقيه وحل,0
يد باب امامي يسار,0
يد باب امامي يمين خارجية,0
يد تحكم كروز كنترول,0
يد تحكم مكيف يسار,0
يد تحكم مكيف يمين,0
يد تندة (مسكة) امامية يسار,0
يد تندة (مسكة) امامية يمين,0
يد تندة (مسكة) خلفية يسار,0
يد تندة (مسكة) خلفية يمين,0
يد جمع بككسات,0
يد جير (غيارات),0
يد ريتاردر,0
يد سكة كرسي امامي يسار,0
يد سكة كرسي امامي يمين,0
يد سيخ غطاء محرك داخلية,0
يد طرمبة جك غرفة,0
يد طفاية,0
يد غرفة (مسكة) امامية يسار,0
يد غرفة (مسكة) امامية يمين,0
يد غرفة (مسكة) خلفية يسار,0
يد غرفة (مسكة) خلفية يمين,0
يد غمازات,0
يد قفل الستيرنج,0
يد مساحات على الستيرنج,0
يسار,0
يسار ( خد امامي ),0
